record_type,current_path,filename,document_id,title,version,status,classification,normative_role,semantic_owner,brand_era,canonical_state,dependencies,supersedes,superseded_by,target_class,target_path,recommended_action,duplicate_of,migration_risk,sprint,evidence_basis,notes
FILE,DOCS/CAW/AMS/ACV-STATE-REF-GATE-01-RECEIPT.md,ACV-STATE-REF-GATE-01-RECEIPT.md,N/A,ACV-STATE-REF-GATE-01 — Completion Receipt,N/A,** COMPLETE — VERIFIED AND SUBMITTED,N/A,N/A,N/A,Zyppi,EVIDENCE,N/A,N/A,N/A,PROGRAMS-CAW-AMS,DOCS/PROGRAMS/CAW/AMS/ACV-STATE-REF-GATE-01-RECEIPT.md,MOVE_TO_TARGET,N/A,MEDIUM,S13B,CAW AMS evidence/closure report,"File size 6148 bytes, SHA256 520ca73a92fe..."
FILE,DOCS/CAW/AMS/ACV-STATE-REF-GATE-01.md,ACV-STATE-REF-GATE-01.md,N/A,ACV-STATE-REF-GATE-01 — Implementation Mandate,N/A,** RATIFIED — AUTHORIZED FOR IMPLEMENTATION **Implementation Agent:** Jules — AI Software Engineer **Implementation Scope:** Narrow constitutional capability closure only **Implementation Authority:** GRANTED WITHIN THIS MANDATE,N/A,** GRANTED WITHIN THIS MANDATE,N/A,Zyppi,IMPLEMENTATION,N/A,N/A,N/A,PROGRAMS-CAW-AMS,DOCS/PROGRAMS/CAW/AMS/ACV-STATE-REF-GATE-01.md,MOVE_TO_TARGET,N/A,MEDIUM,S13B,CAW AMS implementation contract,"File size 17774 bytes, SHA256 f2f293aa13c4..."
FILE,DOCS/CAW/AMS/AMS-0101-Bootstrap-Repository.md,AMS-0101-Bootstrap-Repository.md,N/A,AMS-0101 — Bootstrap Repository,N/A,☐ Planned**,N/A,N/A,N/A,N/A,IMPLEMENTATION,N/A,N/A,N/A,PROGRAMS-CAW-AMS,DOCS/PROGRAMS/CAW/AMS/AMS-0101-Bootstrap-Repository.md,MOVE_TO_TARGET,N/A,MEDIUM,S13B,CAW AMS implementation contract,"File size 2351 bytes, SHA256 98da975ceeba..."
FILE,DOCS/CAW/AMS/AMS-0103-TypeScript-Project-References.md,AMS-0103-TypeScript-Project-References.md,N/A,AMS-0103 — Configure TypeScript Project References,N/A,☐ Planned**,N/A,N/A,N/A,N/A,IMPLEMENTATION,IT-0101/IT-0102 (both ☑) · Status: ☐ Planned**,N/A,N/A,PROGRAMS-CAW-AMS,DOCS/PROGRAMS/CAW/AMS/AMS-0103-TypeScript-Project-References.md,MOVE_TO_TARGET,N/A,MEDIUM,S13B,CAW AMS implementation contract,"File size 3192 bytes, SHA256 18125097c3a9..."
FILE,DOCS/CAW/AMS/AMS-0104.md,AMS-0104.md,N/A,AMS-0104 — Configure ESLint v9 Flat Config,N/A,** Planned,N/A,N/A,N/A,Zyppi,IMPLEMENTATION,"** IT-0101, IT-0102, IT-0103",N/A,N/A,PROGRAMS-CAW-AMS,DOCS/PROGRAMS/CAW/AMS/AMS-0104.md,MOVE_TO_TARGET,N/A,MEDIUM,S13B,CAW AMS implementation contract,"File size 7183 bytes, SHA256 eb65f082b16e..."
FILE,DOCS/CAW/AMS/AMS-0105.md,AMS-0105.md,N/A,AMS-0105 — Configure Prettier,N/A,** Planned,N/A,N/A,N/A,N/A,IMPLEMENTATION,"** IT-0101, IT-0102",N/A,N/A,PROGRAMS-CAW-AMS,DOCS/PROGRAMS/CAW/AMS/AMS-0105.md,MOVE_TO_TARGET,N/A,MEDIUM,S13B,CAW AMS implementation contract,"File size 5816 bytes, SHA256 e2d6de68e822..."
FILE,DOCS/CAW/AMS/AMS-0106.md,AMS-0106.md,N/A,AMS-0106 — Configure Vitest,N/A,** ☐ Planned,N/A,N/A,N/A,Zyppi,IMPLEMENTATION,** IT-0103 — TypeScript Project References,N/A,N/A,PROGRAMS-CAW-AMS,DOCS/PROGRAMS/CAW/AMS/AMS-0106.md,MOVE_TO_TARGET,N/A,MEDIUM,S13B,CAW AMS implementation contract,"File size 15442 bytes, SHA256 4bbd7c3293a9..."
FILE,DOCS/CAW/AMS/AMS-0107.md,AMS-0107.md,N/A,AMS-0107 — Configure GitHub Actions CI Skeleton,N/A,** ☐ Planned,N/A,N/A,N/A,Zyppi,IMPLEMENTATION,** IT-0106 ☑ Complete,N/A,N/A,PROGRAMS-CAW-AMS,DOCS/PROGRAMS/CAW/AMS/AMS-0107.md,MOVE_TO_TARGET,N/A,MEDIUM,S13B,CAW AMS implementation contract,"File size 32646 bytes, SHA256 06778a3a01a5..."
FILE,DOCS/CAW/AMS/AMS-0108.md,AMS-0108.md,N/A,AMS-0108 — Static Runtime Purity & Determinism Validator,N/A,N/A,N/A,N/A,N/A,Zyppi,IMPLEMENTATION,N/A,N/A,N/A,PROGRAMS-CAW-AMS,DOCS/PROGRAMS/CAW/AMS/AMS-0108.md,MOVE_TO_TARGET,N/A,MEDIUM,S13B,CAW AMS implementation contract,"File size 27093 bytes, SHA256 2710dafbec2a..."
FILE,DOCS/CAW/AMS/AMS-0201.md,AMS-0201.md,N/A,AMS-0201,N/A,N/A,N/A,N/A,N/A,Zyppi,IMPLEMENTATION,N/A,N/A,N/A,PROGRAMS-CAW-AMS,DOCS/PROGRAMS/CAW/AMS/AMS-0201.md,MOVE_TO_TARGET,N/A,MEDIUM,S13B,CAW AMS implementation contract,"File size 29226 bytes, SHA256 13b7a4f7d041..."
FILE,DOCS/CAW/AMS/AMS-0202.md,AMS-0202.md,N/A,AMS-0202 — Establish `@zyppi/domain` Workspace Package,N/A,** ☐ Planned,N/A,N/A,N/A,Zyppi,IMPLEMENTATION,** IT-0108 ☑ and AMS-0201 merged,N/A,N/A,PROGRAMS-CAW-AMS,DOCS/PROGRAMS/CAW/AMS/AMS-0202.md,MOVE_TO_TARGET,N/A,MEDIUM,S13B,CAW AMS implementation contract,"File size 6198 bytes, SHA256 c43e508486b8..."
FILE,DOCS/CAW/AMS/AMS-0203.md,AMS-0203.md,N/A,AMS-0203 — Create `packages/contracts`,N/A,** ☐ Planned,N/A,N/A,N/A,Zyppi,IMPLEMENTATION,"** IT-0108 ☑, AMS-0201 merged",N/A,N/A,PROGRAMS-CAW-AMS,DOCS/PROGRAMS/CAW/AMS/AMS-0203.md,MOVE_TO_TARGET,N/A,MEDIUM,S13B,CAW AMS implementation contract,"File size 8239 bytes, SHA256 e5422f6521d5..."
FILE,DOCS/CAW/AMS/AMS-0204.md,AMS-0204.md,N/A,AMS-0204 — Create `packages/shared`,N/A,** ☐ Planned,N/A,N/A,N/A,Zyppi,IMPLEMENTATION,"** IT-0108 ☑, AMS-0201 merged, AMS-0202 complete, AMS-0203 complete",N/A,N/A,PROGRAMS-CAW-AMS,DOCS/PROGRAMS/CAW/AMS/AMS-0204.md,MOVE_TO_TARGET,N/A,MEDIUM,S13B,CAW AMS implementation contract,"File size 9008 bytes, SHA256 390eaaeeb118..."
FILE,DOCS/CAW/AMS/AMS-0205.md,AMS-0205.md,N/A,AMS-0205 — Create `packages/testing`,N/A,** ☐ Planned,N/A,N/A,N/A,Zyppi,IMPLEMENTATION,"** IT-0108 ☑, AMS-0201 merged, AMS-0202 complete, AMS-0203 complete, AMS-0204 complete",N/A,N/A,PROGRAMS-CAW-AMS,DOCS/PROGRAMS/CAW/AMS/AMS-0205.md,MOVE_TO_TARGET,N/A,MEDIUM,S13B,CAW AMS implementation contract,"File size 9964 bytes, SHA256 9d93025d0b19..."
FILE,DOCS/CAW/AMS/AMS-0206.md,AMS-0206.md,N/A,AMS-0206 — Create `apps/api`,N/A,** ☐ Planned,N/A,N/A,N/A,Zyppi,IMPLEMENTATION,"** IT-0108 ☑, AMS-0201 merged, AMS-0202 complete, AMS-0203 complete, AMS-0204 complete, AMS-0205 complete",N/A,N/A,PROGRAMS-CAW-AMS,DOCS/PROGRAMS/CAW/AMS/AMS-0206.md,MOVE_TO_TARGET,N/A,MEDIUM,S13B,CAW AMS implementation contract,"File size 12518 bytes, SHA256 b46cd14c5ace..."
FILE,DOCS/CAW/AMS/AMS-0207.md,AMS-0207.md,N/A,AMS-0207.md,N/A,** Ready for execution,** Application scaffold / Experience-layer topology only,N/A,N/A,Zyppi,IMPLEMENTATION,N/A,N/A,N/A,PROGRAMS-CAW-AMS,DOCS/PROGRAMS/CAW/AMS/AMS-0207.md,MOVE_TO_TARGET,N/A,MEDIUM,S13B,CAW AMS implementation contract,"File size 9901 bytes, SHA256 2e16c45d36dc..."
FILE,DOCS/CAW/AMS/AMS-0208.md,AMS-0208.md,N/A,AMS-0208 — Constitutional Dependency Graph Validator,N/A,** ☐ Planned,N/A,N/A,N/A,Zyppi,IMPLEMENTATION,** IT-0201–IT-0207 — all complete,N/A,N/A,PROGRAMS-CAW-AMS,DOCS/PROGRAMS/CAW/AMS/AMS-0208.md,MOVE_TO_TARGET,N/A,MEDIUM,S13B,CAW AMS implementation contract,"File size 28383 bytes, SHA256 af76482feee8..."
FILE,DOCS/CAW/AMS/AMS-0301-Identity-Model-Implementation-Notes.md,AMS-0301-Identity-Model-Implementation-Notes.md,N/A,AMS-0301 — Identity Domain Model Implementation Notes,N/A,N/A,N/A,N/A,N/A,N/A,IMPLEMENTATION,N/A,N/A,N/A,PROGRAMS-CAW-AMS,DOCS/PROGRAMS/CAW/AMS/AMS-0301-Identity-Model-Implementation-Notes.md,MOVE_TO_TARGET,N/A,MEDIUM,S13B,CAW AMS implementation contract,"File size 2203 bytes, SHA256 e8cb635a99f6..."
FILE,DOCS/CAW/AMS/AMS-0301-audit.md,AMS-0301-audit.md,N/A,AMS-0301 — Identity Domain Model Source Audit,N/A,** Open-ended string (,N/A,N/A,N/A,N/A,EVIDENCE,N/A,N/A,N/A,PROGRAMS-CAW-AMS,DOCS/PROGRAMS/CAW/AMS/AMS-0301-audit.md,MOVE_TO_TARGET,N/A,MEDIUM,S13B,CAW AMS evidence/closure report,"File size 3477 bytes, SHA256 94400f3cd06f..."
FILE,DOCS/CAW/AMS/AMS-0301.md,AMS-0301.md,N/A,AMS-0301.md,N/A,☐ Planned**,N/A,N/A,N/A,N/A,IMPLEMENTATION,IT-0202 (☑) · Status: ☐ Planned**,N/A,N/A,PROGRAMS-CAW-AMS,DOCS/PROGRAMS/CAW/AMS/AMS-0301.md,MOVE_TO_TARGET,N/A,MEDIUM,S13B,CAW AMS implementation contract,"File size 5730 bytes, SHA256 e8136226d6b2..."
FILE,DOCS/CAW/AMS/AMS-0302-PREP.md,AMS-0302-PREP.md,N/A,AMS-0302 — GS1 / Referent Domain Scope Reconciliation & Implementation Preparation,N/A,** PREPARATION / NO IMPLEMENTATION AUTHORIZED,N/A,N/A,N/A,N/A,IMPLEMENTATION,"** IT-0202 ☑, IT-0301 ☑ · **Status:** PREPARATION / NO IMPLEMENTATION AUTHORIZED",N/A,N/A,PROGRAMS-CAW-AMS,DOCS/PROGRAMS/CAW/AMS/AMS-0302-PREP.md,MOVE_TO_TARGET,N/A,MEDIUM,S13B,CAW milestone prep/plan artifact,"File size 12182 bytes, SHA256 44e79442fccf..."
FILE,DOCS/CAW/AMS/AMS-0302.md,AMS-0302.md,N/A,AMS-0302 — GS1 Identifier & Referent Domain Model,N/A,** ☐ Planned,N/A,N/A,N/A,Zyppi,IMPLEMENTATION,"** IT-0202 ☑, IT-0301 ☑ · **Status:** ☐ Planned",N/A,N/A,PROGRAMS-CAW-AMS,DOCS/PROGRAMS/CAW/AMS/AMS-0302.md,MOVE_TO_TARGET,N/A,MEDIUM,S13B,CAW AMS implementation contract,"File size 19428 bytes, SHA256 8297a1196f46..."
FILE,DOCS/CAW/AMS/AMS-0303-Evidence-Model-Implementation-Notes.md,AMS-0303-Evidence-Model-Implementation-Notes.md,N/A,AMS-0303 — Evidence Domain Model Implementation Notes,N/A,N/A,N/A,N/A,N/A,N/A,IMPLEMENTATION,N/A,N/A,N/A,PROGRAMS-CAW-AMS,DOCS/PROGRAMS/CAW/AMS/AMS-0303-Evidence-Model-Implementation-Notes.md,MOVE_TO_TARGET,N/A,MEDIUM,S13B,CAW AMS implementation contract,"File size 3657 bytes, SHA256 656c7b0550b7..."
FILE,DOCS/CAW/AMS/AMS-0303.md,AMS-0303.md,N/A,AMS-0303 — Evidence Domain Model,N/A,** ☐ Planned,N/A,N/A,N/A,N/A,IMPLEMENTATION,** IT-0202 (☑) · **Status:** ☐ Planned,N/A,N/A,PROGRAMS-CAW-AMS,DOCS/PROGRAMS/CAW/AMS/AMS-0303.md,MOVE_TO_TARGET,N/A,MEDIUM,S13B,CAW AMS implementation contract,"File size 18674 bytes, SHA256 f2529f301f7b..."
FILE,DOCS/CAW/AMS/AMS-0304-Authority-Model-Implementation-Notes.md,AMS-0304-Authority-Model-Implementation-Notes.md,N/A,AMS-0304 — Authority Domain Model Implementation Notes,N/A,N/A,N/A,N/A,N/A,N/A,IMPLEMENTATION,N/A,N/A,N/A,PROGRAMS-CAW-AMS,DOCS/PROGRAMS/CAW/AMS/AMS-0304-Authority-Model-Implementation-Notes.md,MOVE_TO_TARGET,N/A,MEDIUM,S13B,CAW AMS implementation contract,"File size 2629 bytes, SHA256 117f6120f4c0..."
FILE,DOCS/CAW/AMS/AMS-0304.md,AMS-0304.md,N/A,AMS-0304 — Authority Domain Model,N/A,** ☐ Planned,N/A,N/A,N/A,N/A,IMPLEMENTATION,** IT-0202 (☑) · **Status:** ☐ Planned,N/A,N/A,PROGRAMS-CAW-AMS,DOCS/PROGRAMS/CAW/AMS/AMS-0304.md,MOVE_TO_TARGET,N/A,MEDIUM,S13B,CAW AMS implementation contract,"File size 12288 bytes, SHA256 cd0b5512097e..."
FILE,DOCS/CAW/AMS/AMS-0305-Capability-Model-Implementation-Notes.md,AMS-0305-Capability-Model-Implementation-Notes.md,N/A,AMS-0305 — Capability Domain Model Implementation Notes,N/A,N/A,N/A,N/A,N/A,N/A,IMPLEMENTATION,N/A,N/A,N/A,PROGRAMS-CAW-AMS,DOCS/PROGRAMS/CAW/AMS/AMS-0305-Capability-Model-Implementation-Notes.md,MOVE_TO_TARGET,N/A,MEDIUM,S13B,CAW AMS implementation contract,"File size 3619 bytes, SHA256 8f605dea2718..."
FILE,DOCS/CAW/AMS/AMS-0305-Capability-Model.md,AMS-0305-Capability-Model.md,N/A,AMS-0305 — Capability Domain Model,N/A,** ☐ Planned,N/A,N/A,N/A,N/A,IMPLEMENTATION,** IT-0202 (☑) · **Status:** ☐ Planned,N/A,N/A,PROGRAMS-CAW-AMS,DOCS/PROGRAMS/CAW/AMS/AMS-0305-Capability-Model.md,MOVE_TO_TARGET,N/A,MEDIUM,S13B,CAW AMS implementation contract,"File size 8880 bytes, SHA256 6e759ba52424..."
FILE,DOCS/CAW/AMS/AMS-0306-Standing-Model-Implementation-Notes.md,AMS-0306-Standing-Model-Implementation-Notes.md,N/A,AMS-0306 Standing Model Implementation Notes,N/A,N/A,N/A,N/A,N/A,N/A,IMPLEMENTATION,N/A,N/A,N/A,PROGRAMS-CAW-AMS,DOCS/PROGRAMS/CAW/AMS/AMS-0306-Standing-Model-Implementation-Notes.md,MOVE_TO_TARGET,N/A,MEDIUM,S13B,CAW AMS implementation contract,"File size 4528 bytes, SHA256 c6c55e31c3fa..."
FILE,DOCS/CAW/AMS/AMS-0306-Standing-Model.md,AMS-0306-Standing-Model.md,N/A,AMS-0306 — Standing Domain Model,N/A,** ☐ Planned,N/A,N/A,N/A,N/A,IMPLEMENTATION,** IT-0202 (☑) · **Status:** ☐ Planned,N/A,N/A,PROGRAMS-CAW-AMS,DOCS/PROGRAMS/CAW/AMS/AMS-0306-Standing-Model.md,MOVE_TO_TARGET,N/A,MEDIUM,S13B,CAW AMS implementation contract,"File size 8815 bytes, SHA256 d56e08f72161..."
FILE,DOCS/CAW/AMS/AMS-0307-Policy-Model-Implementation-Notes.md,AMS-0307-Policy-Model-Implementation-Notes.md,N/A,AMS-0307 — Policy Model Implementation Notes,N/A,N/A,N/A,N/A,N/A,N/A,IMPLEMENTATION,N/A,N/A,N/A,PROGRAMS-CAW-AMS,DOCS/PROGRAMS/CAW/AMS/AMS-0307-Policy-Model-Implementation-Notes.md,MOVE_TO_TARGET,N/A,MEDIUM,S13B,CAW AMS implementation contract,"File size 4644 bytes, SHA256 1fd2998fc389..."
FILE,DOCS/CAW/AMS/AMS-0307-Policy-Model.md,AMS-0307-Policy-Model.md,N/A,AMS-0307 — Policy Domain Model,N/A,** ☐ Planned,N/A,N/A,N/A,N/A,IMPLEMENTATION,** IT-0202 (☑) · **Status:** ☐ Planned,N/A,N/A,PROGRAMS-CAW-AMS,DOCS/PROGRAMS/CAW/AMS/AMS-0307-Policy-Model.md,MOVE_TO_TARGET,N/A,MEDIUM,S13B,CAW AMS implementation contract,"File size 12791 bytes, SHA256 f6b60421144d..."
FILE,DOCS/CAW/AMS/AMS-0308-ExecutionRequest-Model-Implementation-Notes.md,AMS-0308-ExecutionRequest-Model-Implementation-Notes.md,N/A,AMS-0308 — ExecutionRequest Domain Model Implementation Notes,N/A,** IMPLEMENTED AND VERIFIED,N/A,N/A,N/A,N/A,IMPLEMENTATION,N/A,N/A,N/A,PROGRAMS-CAW-AMS,DOCS/PROGRAMS/CAW/AMS/AMS-0308-ExecutionRequest-Model-Implementation-Notes.md,MOVE_TO_TARGET,N/A,MEDIUM,S13B,CAW AMS implementation contract,"File size 8735 bytes, SHA256 230608265ff3..."
FILE,DOCS/CAW/AMS/AMS-0308-PREP.md,AMS-0308-PREP.md,N/A,AMS-0308-PREP — ExecutionRequest Domain Model Implementation Preparation,N/A,** PREPARATION / NO IMPLEMENTATION AUTHORIZED,N/A,N/A,N/A,N/A,IMPLEMENTATION,** IT-0301 through IT-0307 · **Status:** PREPARATION / NO IMPLEMENTATION AUTHORIZED,N/A,N/A,PROGRAMS-CAW-AMS,DOCS/PROGRAMS/CAW/AMS/AMS-0308-PREP.md,MOVE_TO_TARGET,N/A,MEDIUM,S13B,CAW milestone prep/plan artifact,"File size 35121 bytes, SHA256 acb379a3f386..."
FILE,DOCS/CAW/AMS/AMS-0308.md,AMS-0308.md,N/A,AMS-0308.md,N/A,** IMPLEMENTATION AUTHORIZED,N/A,N/A,N/A,Zyppi,IMPLEMENTATION,** IT-0301 through IT-0307,N/A,N/A,PROGRAMS-CAW-AMS,DOCS/PROGRAMS/CAW/AMS/AMS-0308.md,MOVE_TO_TARGET,N/A,MEDIUM,S13B,CAW AMS implementation contract,"File size 16774 bytes, SHA256 08a45cd053c2..."
FILE,DOCS/CAW/AMS/AMS-0309-ExecutionContext-Model-Implementation-Notes.md,AMS-0309-ExecutionContext-Model-Implementation-Notes.md,N/A,AMS-0309 — ExecutionContext Domain Model Implementation Notes,N/A,** IMPLEMENTED AND VERIFIED,N/A,N/A,N/A,N/A,IMPLEMENTATION,N/A,N/A,N/A,PROGRAMS-CAW-AMS,DOCS/PROGRAMS/CAW/AMS/AMS-0309-ExecutionContext-Model-Implementation-Notes.md,MOVE_TO_TARGET,N/A,MEDIUM,S13B,CAW AMS implementation contract,"File size 6087 bytes, SHA256 00fdcf594bf1..."
FILE,DOCS/CAW/AMS/AMS-0309.md,AMS-0309.md,N/A,AMS-0309.md,N/A,N/A,N/A,N/A,N/A,N/A,IMPLEMENTATION,N/A,N/A,N/A,PROGRAMS-CAW-AMS,DOCS/PROGRAMS/CAW/AMS/AMS-0309.md,MOVE_TO_TARGET,N/A,MEDIUM,S13B,CAW AMS implementation contract,"File size 0 bytes, SHA256 e3b0c44298fc..."
FILE,DOCS/CAW/AMS/AMS-0310-ExecutionReceipt-Model-Implementation-Notes.md,AMS-0310-ExecutionReceipt-Model-Implementation-Notes.md,N/A,AMS-0310 — ExecutionReceipt Domain Model Implementation Notes,string,** IMPLEMENTED AND VERIFIED,N/A,N/A,N/A,N/A,EVIDENCE,N/A,N/A,N/A,PROGRAMS-CAW-AMS,DOCS/PROGRAMS/CAW/AMS/AMS-0310-ExecutionReceipt-Model-Implementation-Notes.md,MOVE_TO_TARGET,N/A,MEDIUM,S13B,CAW AMS evidence/closure report,"File size 7396 bytes, SHA256 9be8e7d651d3..."
FILE,DOCS/CAW/AMS/AMS-0310.md,AMS-0310.md,N/A,AMS-0310 — ExecutionReceipt Domain Model,N/A,** AUTHORIZED FOR IMPLEMENTATION,N/A,N/A,N/A,Zyppi,IMPLEMENTATION,N/A,N/A,N/A,PROGRAMS-CAW-AMS,DOCS/PROGRAMS/CAW/AMS/AMS-0310.md,MOVE_TO_TARGET,N/A,MEDIUM,S13B,CAW AMS implementation contract,"File size 16115 bytes, SHA256 a3bebb9d24b7..."
FILE,DOCS/CAW/AMS/AMS-0311-Outcome-Model-Implementation-Notes.md,AMS-0311-Outcome-Model-Implementation-Notes.md,N/A,AMS-0311 — Outcome Model Implementation Notes,N/A,** COMPLETE (RESOLVED BY IMPLEMENTATION),N/A,N/A,N/A,Zyppi,IMPLEMENTATION,N/A,N/A,N/A,PROGRAMS-CAW-AMS,DOCS/PROGRAMS/CAW/AMS/AMS-0311-Outcome-Model-Implementation-Notes.md,MOVE_TO_TARGET,N/A,MEDIUM,S13B,CAW AMS implementation contract,"File size 6826 bytes, SHA256 913f5a0a3b16..."
FILE,DOCS/CAW/AMS/AMS-0311-PREP.md,AMS-0311-PREP.md,N/A,AMS-0311-PREP — Outcome Domain Model Constitutional Discovery & Scope Resolution,N/A,** ☐ PREP — DISCOVERY ONLY; NOT AUTHORIZED FOR IMPLEMENTATION,N/A,N/A,N/A,N/A,IMPLEMENTATION,N/A,N/A,N/A,PROGRAMS-CAW-AMS,DOCS/PROGRAMS/CAW/AMS/AMS-0311-PREP.md,MOVE_TO_TARGET,N/A,MEDIUM,S13B,CAW milestone prep/plan artifact,"File size 24042 bytes, SHA256 e00756655446..."
FILE,DOCS/CAW/AMS/AMS-0313-F0301-Adjudication-Report.md,AMS-0313-F0301-Adjudication-Report.md,N/A,AMS-0313 — F-0301 Public-Boundary Test and Dependency-Graph Adjudication Report,N/A,** **INVESTIGATION COMPLETE — PENDING RATIFICATION**,N/A,"** M03 Closure Audit, F-0301, CAW-004, CAW-011, CEngS-003 §3",N/A,Zyppi,EVIDENCE,N/A,N/A,N/A,PROGRAMS-CAW-AMS,DOCS/PROGRAMS/CAW/AMS/AMS-0313-F0301-Adjudication-Report.md,MOVE_TO_TARGET,N/A,MEDIUM,S13B,CAW AMS evidence/closure report,"File size 22509 bytes, SHA256 08329a936740..."
FILE,DOCS/CAW/AMS/AMS-0405-Field-Mapping-Reconciliation.md,AMS-0405-Field-Mapping-Reconciliation.md,N/A,AMS-0405-RECON — ExecutionReceipt Field-Mapping Reconciliation,string,N/A,** Factual Audit / Read-Only Reconciliation Report,N/A,N/A,Zyppi,IMPLEMENTATION,N/A,N/A,N/A,PROGRAMS-CAW-AMS,DOCS/PROGRAMS/CAW/AMS/AMS-0405-Field-Mapping-Reconciliation.md,MOVE_TO_TARGET,N/A,MEDIUM,S13B,CAW AMS implementation contract,"File size 17427 bytes, SHA256 7db6a146180b..."
FILE,DOCS/CAW/AMS/AMS-0405-Implementation-Notes.md,AMS-0405-Implementation-Notes.md,N/A,AMS-0405 — Runtime Receipt-Stage Deferral and Preparatory State,N/A,** COMPLETED AND VERIFIED,N/A,N/A,N/A,Zyppi,IMPLEMENTATION,N/A,N/A,N/A,PROGRAMS-CAW-AMS,DOCS/PROGRAMS/CAW/AMS/AMS-0405-Implementation-Notes.md,MOVE_TO_TARGET,N/A,MEDIUM,S13B,CAW AMS implementation contract,"File size 7074 bytes, SHA256 2b99059b0dce..."
FILE,DOCS/CAW/AMS/AMS-0405-PREP.md,AMS-0405-PREP.md,N/A,JULES MANDATE — AMS-0405 PRE-IMPLEMENTATION SOURCE AUDIT,string,"** COMPLETED READ-ONLY AUDIT | **Report Date:** March 9, 2025",N/A,N/A,N/A,Zyppi,IMPLEMENTATION,N/A,N/A,N/A,PROGRAMS-CAW-AMS,DOCS/PROGRAMS/CAW/AMS/AMS-0405-PREP.md,MOVE_TO_TARGET,N/A,MEDIUM,S13B,CAW milestone prep/plan artifact,"File size 16386 bytes, SHA256 b513dcc3954e..."
FILE,DOCS/CAW/AMS/AMS-0405-Post-Implementation-Audit.md,AMS-0405-Post-Implementation-Audit.md,N/A,AMS-0405-POST-AUDIT — Post-Implementation Constitutional Audit Report,N/A,** COMPLETE,N/A,** Council Post-Implementation Verification Mandate,N/A,Zyppi,EVIDENCE,N/A,N/A,N/A,PROGRAMS-CAW-AMS,DOCS/PROGRAMS/CAW/AMS/AMS-0405-Post-Implementation-Audit.md,MOVE_TO_TARGET,N/A,MEDIUM,S13B,CAW AMS evidence/closure report,"File size 13146 bytes, SHA256 4b22917b6303..."
FILE,DOCS/CAW/AMS/AMS-0406-Acceptance-Audit.md,AMS-0406-Acceptance-Audit.md,N/A,AMS-0406 Acceptance Audit,N/A,N/A,N/A,N/A,N/A,Zyppi,EVIDENCE,N/A,N/A,N/A,PROGRAMS-CAW-AMS,DOCS/PROGRAMS/CAW/AMS/AMS-0406-Acceptance-Audit.md,MOVE_TO_TARGET,N/A,MEDIUM,S13B,CAW AMS evidence/closure report,"File size 24269 bytes, SHA256 b65362e8e522..."
FILE,DOCS/CAW/AMS/AMS-0406-Implementation-Notes.md,AMS-0406-Implementation-Notes.md,N/A,AMS-0406 — Runtime Deterministic Replay Proof and Field-Ordering Verifications,N/A,** COMPLETED AND VERIFIED,N/A,N/A,N/A,Zyppi,IMPLEMENTATION,N/A,N/A,N/A,PROGRAMS-CAW-AMS,DOCS/PROGRAMS/CAW/AMS/AMS-0406-Implementation-Notes.md,MOVE_TO_TARGET,N/A,MEDIUM,S13B,CAW AMS implementation contract,"File size 7548 bytes, SHA256 dc62035ac1e9..."
FILE,DOCS/CAW/AMS/AMS-0407-Acceptance-Audit.md,AMS-0407-Acceptance-Audit.md,N/A,AMS-0407 — Independent Acceptance Audit Report,N/A,** COMPLETED,N/A,N/A,N/A,Zyppi,EVIDENCE,N/A,N/A,N/A,PROGRAMS-CAW-AMS,DOCS/PROGRAMS/CAW/AMS/AMS-0407-Acceptance-Audit.md,MOVE_TO_TARGET,N/A,MEDIUM,S13B,CAW AMS evidence/closure report,"File size 9285 bytes, SHA256 e9c5c36ec5fa..."
FILE,DOCS/CAW/AMS/AMS-0407-Entropy-Enforcement-Recon.md,AMS-0407-Entropy-Enforcement-Recon.md,N/A,AMS-0407 — Runtime Purity and Entropy Enforcement Reconnaissance,N/A,N/A,N/A,N/A,N/A,Zyppi,IMPLEMENTATION,N/A,N/A,N/A,PROGRAMS-CAW-AMS,DOCS/PROGRAMS/CAW/AMS/AMS-0407-Entropy-Enforcement-Recon.md,MOVE_TO_TARGET,N/A,MEDIUM,S13B,CAW AMS implementation contract,"File size 26024 bytes, SHA256 039f053d6f9a..."
FILE,DOCS/CAW/AMS/AMS-0407-Implementation-Notes.md,AMS-0407-Implementation-Notes.md,N/A,AMS-0407 — Runtime Purity and Entropy Enforcement Implementation Notes,N/A,N/A,N/A,N/A,N/A,Zyppi,IMPLEMENTATION,N/A,N/A,N/A,PROGRAMS-CAW-AMS,DOCS/PROGRAMS/CAW/AMS/AMS-0407-Implementation-Notes.md,MOVE_TO_TARGET,N/A,MEDIUM,S13B,CAW AMS implementation contract,"File size 6878 bytes, SHA256 67c924499deb..."
FILE,DOCS/CAW/AMS/AMS-0502-PREP.md,AMS-0502-PREP.md,N/A,AMS-0502-PREP — Registry Repository Contracts Reconnaissance,N/A,N/A,N/A,N/A,N/A,Zyppi,IMPLEMENTATION,N/A,N/A,N/A,PROGRAMS-CAW-AMS,DOCS/PROGRAMS/CAW/AMS/AMS-0502-PREP.md,MOVE_TO_TARGET,N/A,MEDIUM,S13B,CAW milestone prep/plan artifact,"File size 25387 bytes, SHA256 5af8e5f8ffb9..."
FILE,DOCS/CAW/AMS/AMS-0503-PREP.md,AMS-0503-PREP.md,N/A,AMS-0503-PREP — PostgreSQL Registry Adapters Reconnaissance,N/A,N/A,N/A,N/A,N/A,Zyppi,IMPLEMENTATION,N/A,N/A,N/A,PROGRAMS-CAW-AMS,DOCS/PROGRAMS/CAW/AMS/AMS-0503-PREP.md,MOVE_TO_TARGET,N/A,MEDIUM,S13B,CAW milestone prep/plan artifact,"File size 33258 bytes, SHA256 5f377a9ce8c1..."
FILE,DOCS/CAW/AMS/AMS-0504-AR.md,AMS-0504-AR.md,N/A,AMS-0504-AR — Adversarial Implementation Review Report,N/A,** **COMPLETE.** All conformance vectors and boundary validation checks are verified and passing.,N/A,N/A,N/A,Zyppi,IMPLEMENTATION,N/A,N/A,N/A,PROGRAMS-CAW-AMS,DOCS/PROGRAMS/CAW/AMS/AMS-0504-AR.md,MOVE_TO_TARGET,N/A,MEDIUM,S13B,CAW AMS implementation contract,"File size 19409 bytes, SHA256 7c89515dee74..."
FILE,DOCS/CAW/AMS/AMS-0504-CDR.md,AMS-0504-CDR.md,N/A,AMS-0504-PREP Amendment — CDR Reconciliation Mandate,N/A,"** AUTHORIZED — READ-ONLY DOCUMENTATION RECONCILIATION **Date:** August 4, 2026 **Parent Artifact:**",N/A,"** Chair, Zyppi Constitutional Council **Target:** Jules Google AI Agent **Status:** AUTHORIZED — READ-ONLY DOCUMENTATION RECONCILIATION **Date:** August 4, 2026 **Parent Artifact:**",N/A,Zyppi,IMPLEMENTATION,N/A,N/A,N/A,PROGRAMS-CAW-AMS,DOCS/PROGRAMS/CAW/AMS/AMS-0504-CDR.md,MOVE_TO_TARGET,N/A,MEDIUM,S13B,CAW AMS implementation contract,"File size 22367 bytes, SHA256 ea419151e656..."
FILE,DOCS/CAW/AMS/AMS-0504-IS-A01.md,AMS-0504-IS-A01.md,N/A,1. Purpose,N/A,** **BINDING AMENDMENT — EFFECTIVE UPON RATIFICATION** **Scope:** This amendment modifies and clarifies the implementation contract of,N/A,"** Chair, Zyppi Constitutional Council **Status:** **BINDING AMENDMENT — EFFECTIVE UPON RATIFICATION** **Scope:** This amendment modifies and clarifies the implementation contract of",N/A,Zyppi,IMPLEMENTATION,N/A,N/A,N/A,PROGRAMS-CAW-AMS,DOCS/PROGRAMS/CAW/AMS/AMS-0504-IS-A01.md,MOVE_TO_TARGET,N/A,MEDIUM,S13B,CAW AMS implementation contract,"File size 16295 bytes, SHA256 ae8b24ca8e12..."
FILE,DOCS/CAW/AMS/AMS-0504-IS.md,AMS-0504-IS.md,N/A,AMS-0504-IS — Registry Seed System Implementation Specification,N/A,N/A,N/A,N/A,N/A,Zyppi,IMPLEMENTATION,N/A,N/A,N/A,PROGRAMS-CAW-AMS,DOCS/PROGRAMS/CAW/AMS/AMS-0504-IS.md,MOVE_TO_TARGET,N/A,MEDIUM,S13B,CAW AMS implementation contract,"File size 57612 bytes, SHA256 37e34d98e3c5..."
FILE,DOCS/CAW/AMS/AMS-0504-PREP.md,AMS-0504-PREP.md,N/A,AMS-0504-PREP — Registry Seed System Constitutional Reconnaissance,N/A,** FINAL — CHAIR-RECONCILED **Authority:** AMS-0504-CDR **Readiness:** OUTCOME A-C **Implementation Status:** NOT YET AUTHORIZED **Production Seed Content:** NOT RATIFIED,N/A,** AMS-0504-CDR **Readiness:** OUTCOME A-C **Implementation Status:** NOT YET AUTHORIZED **Production Seed Content:** NOT RATIFIED,N/A,Zyppi,IMPLEMENTATION,N/A,N/A,N/A,PROGRAMS-CAW-AMS,DOCS/PROGRAMS/CAW/AMS/AMS-0504-PREP.md,MOVE_TO_TARGET,N/A,MEDIUM,S13B,CAW milestone prep/plan artifact,"File size 40876 bytes, SHA256 5c9304ad08cf..."
FILE,DOCS/CAW/AMS/AMS-0505-Accetance-Audit.md,AMS-0505-Accetance-Audit.md,N/A,AMS-0505 — Independent Acceptance Audit Report,N/A,**,N/A,"** Chair, Zyppi Constitutional Council",N/A,Zyppi,EVIDENCE,N/A,N/A,N/A,PROGRAMS-CAW-AMS,DOCS/PROGRAMS/CAW/AMS/AMS-0505-Accetance-Audit.md,MOVE_TO_TARGET,N/A,MEDIUM,S13B,CAW AMS evidence/closure report,"File size 24008 bytes, SHA256 950d8c649459..."
FILE,DOCS/CAW/AMS/AMS-0601-EVR.md,AMS-0601-EVR.md,N/A,AMS-0601 — GS1 Digital Link Parser Execution & Verification Report,N/A,N/A,N/A,N/A,N/A,Zyppi,EVIDENCE,N/A,N/A,N/A,PROGRAMS-CAW-AMS,DOCS/PROGRAMS/CAW/AMS/AMS-0601-EVR.md,MOVE_TO_TARGET,N/A,MEDIUM,S13B,CAW AMS evidence/closure report,"File size 7295 bytes, SHA256 9496ffc0856d..."
FILE,DOCS/CAW/AMS/AMS-0602-EVR.md,AMS-0602-EVR.md,N/A,AMS-0602 — GS1 Digital Link Validator Execution & Verification Report,N/A,N/A,N/A,N/A,N/A,Zyppi,EVIDENCE,N/A,N/A,N/A,PROGRAMS-CAW-AMS,DOCS/PROGRAMS/CAW/AMS/AMS-0602-EVR.md,MOVE_TO_TARGET,N/A,MEDIUM,S13B,CAW AMS evidence/closure report,"File size 8167 bytes, SHA256 8cc549fe340c..."
FILE,DOCS/CAW/AMS/AMS-0801.md,AMS-0801.md,N/A,AMS-0801 — Wire ACV Loading into Pipeline,N/A,N/A,N/A,N/A,N/A,Zyppi,IMPLEMENTATION,N/A,N/A,N/A,PROGRAMS-CAW-AMS,DOCS/PROGRAMS/CAW/AMS/AMS-0801.md,MOVE_TO_TARGET,N/A,MEDIUM,S13B,CAW AMS implementation contract,"File size 24849 bytes, SHA256 2b086173d612..."
FILE,DOCS/CAW/AMS/AMS-0802.md,AMS-0802.md,N/A,AMS-0802 — Wire Evidence Loading into Pipeline,N/A,** IMPLEMENTATION AUTHORIZED **Authority:** Zyppi Constitutional Council **Constitutional Basis:** Final and Closed M08 Council Gates G-0801 through G-0817 **Implementation Authority:** GRANTED by this AMS **Depends On:** AMS-0801 / IT-0801 and existing M07 evidence contracts **Logical Dependency:** AMS-0802 supplies evidence state required by AMS-0804; AMS-0801 and AMS-0802 are parallel prerequisites for AMS-0804.,N/A,** Zyppi Constitutional Council **Constitutional Basis:** Final and Closed M08 Council Gates G-0801 through G-0817 **Implementation Authority:** GRANTED by this AMS **Depends On:** AMS-0801 / IT-0801 and existing M07 evidence contracts **Logical Dependency:** AMS-0802 supplies evidence state required by AMS-0804; AMS-0801 and AMS-0802 are parallel prerequisites for AMS-0804.,N/A,Zyppi,IMPLEMENTATION,** AMS-0801 / IT-0801 and existing M07 evidence contracts **Logical Dependency:** AMS-0802 supplies evidence state required by AMS-0804; AMS-0801 and AMS-0802 are parallel prerequisites for AMS-0804.,N/A,N/A,PROGRAMS-CAW-AMS,DOCS/PROGRAMS/CAW/AMS/AMS-0802.md,MOVE_TO_TARGET,N/A,MEDIUM,S13B,CAW AMS implementation contract,"File size 22899 bytes, SHA256 9a948567e281..."
FILE,DOCS/CAW/AMS/AMS-0803.md,AMS-0803.md,N/A,AMS-0803 — FULL EXECUTION RECEIPT GENERATION,N/A,** **AUTHORIZED FOR IMPLEMENTATION — CONFIRMED** **Implementation Agent:** Jules — AI Software Engineer **Implementation Authority:** This AMS **Governing Plan:** M08-PLAN v1.4 — FINAL **Implementation Boundary:** Runtime receipt materialization only,N/A,** This AMS **Governing Plan:** M08-PLAN v1.4 — FINAL **Implementation Boundary:** Runtime receipt materialization only,N/A,Zyppi,IMPLEMENTATION,N/A,N/A,N/A,PROGRAMS-CAW-AMS,DOCS/PROGRAMS/CAW/AMS/AMS-0803.md,MOVE_TO_TARGET,N/A,MEDIUM,S13B,CAW AMS implementation contract,"File size 33915 bytes, SHA256 4716284bdc0f..."
FILE,DOCS/CAW/AMS/AMS-0804-TRANSPORT-CONTRACT.md,AMS-0804-TRANSPORT-CONTRACT.md,N/A,AMS-0804 — Final Transport Contract Resolution & Implementation Mandate,N/A,"** **RATIFIED — IMPLEMENTATION AUTHORIZED** **Governing Authority:** G-0805, G-0807, G-0813, G-0815 **Target Agent:** Jules — AI Software Engineer **Issuing Authority:** Zyppi Constitutional Council",N/A,"** G-0805, G-0807, G-0813, G-0815 **Target Agent:** Jules — AI Software Engineer **Issuing Authority:** Zyppi Constitutional Council",N/A,Zyppi,IMPLEMENTATION,N/A,N/A,N/A,PROGRAMS-CAW-AMS,DOCS/PROGRAMS/CAW/AMS/AMS-0804-TRANSPORT-CONTRACT.md,MOVE_TO_TARGET,N/A,MEDIUM,S13B,CAW AMS implementation contract,"File size 14841 bytes, SHA256 41c7414de514..."
FILE,DOCS/CAW/AMS/AMS-0804.md,AMS-0804.md,N/A,AMS-0804 — Policy Evaluation Integration,N/A,** AUTHORIZED FOR IMPLEMENTATION **Authority:** Zyppi Constitutional Council **Governing Plan:** M08-PLAN v1.4 — FINAL **Implementation Boundary:** Runtime policy evaluation only **Implementation Agent:** Authorized engineering agent designated by the Council **Implementation Authority:** THIS DOCUMENT,N/A,** Zyppi Constitutional Council **Governing Plan:** M08-PLAN v1.4 — FINAL **Implementation Boundary:** Runtime policy evaluation only **Implementation Agent:** Authorized engineering agent designated by the Council **Implementation Authority:** THIS DOCUMENT,N/A,Zyppi,IMPLEMENTATION,N/A,N/A,N/A,PROGRAMS-CAW-AMS,DOCS/PROGRAMS/CAW/AMS/AMS-0804.md,MOVE_TO_TARGET,N/A,MEDIUM,S13B,CAW AMS implementation contract,"File size 33964 bytes, SHA256 378ccb52a376..."
FILE,DOCS/CAW/AMS/AMS-0805.md,AMS-0805.md,N/A,AMS-0805 — Pipeline Replay Tests,N/A,** AUTHORIZED FOR IMPLEMENTATION **Implementation Scope:** Verification suite only **Implementation Agent:** Jules — AI Software Engineer,N/A,N/A,N/A,Zyppi,IMPLEMENTATION,N/A,N/A,N/A,PROGRAMS-CAW-AMS,DOCS/PROGRAMS/CAW/AMS/AMS-0805.md,MOVE_TO_TARGET,N/A,MEDIUM,S13B,CAW AMS implementation contract,"File size 15389 bytes, SHA256 dc9933ad0af7..."
FILE,DOCS/CAW/AMS/M01-Closure-Record.md,M01-Closure-Record.md,N/A,M01 Closure Record,N/A,CLOSED AND RATIFIED · Baseline commit/SHA: 7e960a3ec140272b43fa19d26568b72c1b599f53**,N/A,N/A,N/A,Zyppi,EVIDENCE,N/A,N/A,N/A,PROGRAMS-CAW-AMS,DOCS/PROGRAMS/CAW/AMS/M01-Closure-Record.md,MOVE_TO_TARGET,N/A,MEDIUM,S13A,CAW AMS evidence/closure report,"File size 9850 bytes, SHA256 4c3583c1b90b..."
FILE,DOCS/CAW/AMS/M02-clousre-report.md,M02-clousre-report.md,N/A,Milestone M02 — Closure Audit & Conformance Report,N/A,COMPLETED**,N/A,N/A,N/A,Zyppi,EVIDENCE,N/A,N/A,N/A,PROGRAMS-CAW-AMS,DOCS/PROGRAMS/CAW/AMS/M02-clousre-report.md,MOVE_TO_TARGET,N/A,MEDIUM,S13A,CAW AMS evidence/closure report,"File size 7885 bytes, SHA256 a368523ad03e..."
FILE,DOCS/CAW/AMS/M03-Closure-Record.md,M03-Closure-Record.md,N/A,M03 Wave-A Closure Record,N/A,CLOSURE AUDIT COMPLETE — PENDING CHAIR RATIFICATION**,N/A,N/A,N/A,Zyppi,EVIDENCE,N/A,N/A,N/A,PROGRAMS-CAW-AMS,DOCS/PROGRAMS/CAW/AMS/M03-Closure-Record.md,MOVE_TO_TARGET,N/A,MEDIUM,S13A,CAW AMS evidence/closure report,"File size 15779 bytes, SHA256 2ca5b5ef7573..."
FILE,DOCS/CAW/AMS/M03-Closure-Report.md,M03-Closure-Report.md,N/A,M03 Domain Foundation — Milestone Closure Report,N/A,** **CLOSED — DISPOSITION A RATIFIED**,N/A,"** CEngS-003 §3, CAW-011 v2.0 Scope and Closure Criteria",N/A,Zyppi,EVIDENCE,N/A,N/A,N/A,PROGRAMS-CAW-AMS,DOCS/PROGRAMS/CAW/AMS/M03-Closure-Report.md,MOVE_TO_TARGET,N/A,MEDIUM,S13A,CAW AMS evidence/closure report,"File size 26745 bytes, SHA256 f01b233e45f6..."
FILE,DOCS/CAW/AMS/M04-PREP.md,M04-PREP.md,N/A,M04-PREP — Repository Reconnaissance Report,N/A,N/A,N/A,N/A,N/A,Zyppi,IMPLEMENTATION,N/A,N/A,N/A,PROGRAMS-CAW-AMS,DOCS/PROGRAMS/CAW/AMS/M04-PREP.md,MOVE_TO_TARGET,N/A,MEDIUM,S13A,CAW milestone prep/plan artifact,"File size 43186 bytes, SHA256 ada1bf94a8d8..."
FILE,DOCS/CAW/AMS/M05-SFA-Implementation-Contract-Extraction.md,M05-SFA-Implementation-Contract-Extraction.md,N/A,M05-SFA Implementation-Contract Extraction,N/A,**,N/A,"** Chair, Zyppi Constitutional Council",N/A,Zyppi,IMPLEMENTATION,N/A,N/A,N/A,PROGRAMS-CAW-AMS,DOCS/PROGRAMS/CAW/AMS/M05-SFA-Implementation-Contract-Extraction.md,MOVE_TO_TARGET,N/A,MEDIUM,S13B,CAW AMS implementation contract,"File size 18859 bytes, SHA256 5913b4c69604..."
FILE,DOCS/CAW/AMS/hold-AMS-0302-PREP.md,hold-AMS-0302-PREP.md,N/A,AMS-0302 — GS1 / Referent Domain Scope Reconciliation & Implementation Preparation,N/A,** PREPARATION / NO IMPLEMENTATION AUTHORIZED,N/A,N/A,N/A,N/A,IMPLEMENTATION,"** IT-0202 ☑, IT-0301 ☑ · **Status:** PREPARATION / NO IMPLEMENTATION AUTHORIZED",N/A,N/A,PROGRAMS-CAW-AMS,DOCS/PROGRAMS/CAW/AMS/hold-AMS-0302-PREP.md,MOVE_TO_TARGET,N/A,MEDIUM,S13B,CAW milestone prep/plan artifact,"File size 9931 bytes, SHA256 2fe6319ee663..."
FILE,DOCS/CAW/CAW-000-Navigation-Index.md,CAW-000-Navigation-Index.md,N/A,CAW-000 — Navigation Index,N/A,ACTIVE · Commerce Atlas Wedge (Phase 2) Execution Series**,N/A,N/A,N/A,Zyppi,CANONICAL-ACTIVE,N/A,N/A,N/A,PROGRAMS-CAW-CORE,DOCS/PROGRAMS/CAW/CORE/CAW-000-Navigation-Index.md,MOVE_TO_TARGET,N/A,HIGH,S12,Active CAW Core specification,"File size 4810 bytes, SHA256 d75b42dcc64e..."
FILE,DOCS/CAW/CAW-001-Wedge-Vision.md,CAW-001-Wedge-Vision.md,N/A,CAW-001 — Wedge Vision,N/A,"ACTIVE · Authority: North Star, Founding Principles, PRD, Tech Architecture Bible**",N/A,"North Star, Founding Principles, PRD, Tech Architecture Bible**",N/A,Zyppi,CANONICAL-ACTIVE,N/A,N/A,N/A,PROGRAMS-CAW-CORE,DOCS/PROGRAMS/CAW/CORE/CAW-001-Wedge-Vision.md,MOVE_TO_TARGET,N/A,HIGH,S12,Active CAW Core specification,"File size 2689 bytes, SHA256 ebb30bdac857..."
FILE,DOCS/CAW/CAW-002-System-Architecture.md,CAW-002-System-Architecture.md,N/A,CAW-002 — System Architecture,N/A,"ACTIVE · Supersedes v1.0 (added Provisioning Flow, made Resolution carrier-agnostic)**",N/A,N/A,N/A,Zyppi,CANONICAL-ACTIVE,N/A,N/A,N/A,PROGRAMS-CAW-CORE,DOCS/PROGRAMS/CAW/CORE/CAW-002-System-Architecture.md,MOVE_TO_TARGET,N/A,HIGH,S12,Active CAW Core specification,"File size 3698 bytes, SHA256 9801b984ff31..."
FILE,DOCS/CAW/CAW-003-Domain-Model.md,CAW-003-Domain-Model.md,N/A,CAW-003 — Domain Model,N/A,ACTIVE · Package:,N/A,N/A,N/A,N/A,CANONICAL-ACTIVE,N/A,N/A,N/A,PROGRAMS-CAW-CORE,DOCS/PROGRAMS/CAW/CORE/CAW-003-Domain-Model.md,MOVE_TO_TARGET,N/A,HIGH,S12,Active CAW Core specification,"File size 5371 bytes, SHA256 a8802f4bd1f1..."
FILE,DOCS/CAW/CAW-004-Repository-Map.md,CAW-004-Repository-Map.md,N/A,CAW-004 — Repository Map & Bootstrap,N/A,ACTIVE · Scope: CAW · Higher Repository Authority: CEngS-002 v2.1 · Supersedes CAW-004 v2.1 and earlier CAW-004 versions**,N/A,CEngS-002 v2.1 · Supersedes CAW-004 v2.1 and earlier CAW-004 versions**,N/A,Zyppi,CANONICAL-ACTIVE,N/A,N/A,N/A,PROGRAMS-CAW-CORE,DOCS/PROGRAMS/CAW/CORE/CAW-004-Repository-Map.md,MOVE_TO_TARGET,N/A,HIGH,S12,Active CAW Core specification,"File size 6919 bytes, SHA256 53db97a3c0d3..."
FILE,DOCS/CAW/CAW-005-Milestone-Roadmap.md,CAW-005-Milestone-Roadmap.md,N/A,CAW-005 — Milestone Roadmap,N/A,ACTIVE**,N/A,N/A,N/A,Zyppi,CANONICAL-ACTIVE,N/A,N/A,N/A,PROGRAMS-CAW-CORE,DOCS/PROGRAMS/CAW/CORE/CAW-005-Milestone-Roadmap.md,MOVE_TO_TARGET,N/A,HIGH,S12,Active CAW Core specification,"File size 9021 bytes, SHA256 47ac3a302ee7..."
FILE,DOCS/CAW/CAW-006-API-Contracts.md,CAW-006-API-Contracts.md,N/A,CAW-006 — API Contracts,N/A,ACTIVE · Package:,N/A,N/A,N/A,N/A,CANONICAL-ACTIVE,N/A,N/A,N/A,PROGRAMS-CAW-CORE,DOCS/PROGRAMS/CAW/CORE/CAW-006-API-Contracts.md,MOVE_TO_TARGET,N/A,HIGH,S12,Active CAW Core specification,"File size 2780 bytes, SHA256 05b740858316..."
FILE,DOCS/CAW/CAW-007-Runtime-Contracts.md,CAW-007-Runtime-Contracts.md,N/A,CAW-007 — Runtime Contracts,N/A,ACTIVE · Package:,N/A,N/A,N/A,Zyppi,CANONICAL-ACTIVE,N/A,N/A,N/A,PROGRAMS-CAW-CORE,DOCS/PROGRAMS/CAW/CORE/CAW-007-Runtime-Contracts.md,MOVE_TO_TARGET,N/A,HIGH,S12,Active CAW Core specification,"File size 2591 bytes, SHA256 4371a778b516..."
FILE,DOCS/CAW/CAW-008-Registry-Schema.md,CAW-008-Registry-Schema.md,N/A,CAW-008 — Registry Schema,N/A,ACTIVE · Package:,N/A,N/A,N/A,N/A,CANONICAL-ACTIVE,N/A,N/A,N/A,PROGRAMS-CAW-CORE,DOCS/PROGRAMS/CAW/CORE/CAW-008-Registry-Schema.md,MOVE_TO_TARGET,N/A,HIGH,S12,Active CAW Core specification,"File size 2622 bytes, SHA256 a570abc2f4a4..."
FILE,DOCS/CAW/CAW-009-Evidence-Model.md,CAW-009-Evidence-Model.md,N/A,CAW-009 — Evidence Model,N/A,ACTIVE · Storage: Cloudflare R2 +,N/A,N/A,N/A,N/A,CANONICAL-ACTIVE,N/A,N/A,N/A,PROGRAMS-CAW-CORE,DOCS/PROGRAMS/CAW/CORE/CAW-009-Evidence-Model.md,MOVE_TO_TARGET,N/A,HIGH,S12,Active CAW Core specification,"File size 2539 bytes, SHA256 85cf004af397..."
FILE,DOCS/CAW/CAW-010-Edge-Layer.md,CAW-010-Edge-Layer.md,N/A,CAW-010 — Edge Layer,N/A,ACTIVE · Package:,N/A,N/A,N/A,N/A,CANONICAL-ACTIVE,N/A,N/A,N/A,PROGRAMS-CAW-CORE,DOCS/PROGRAMS/CAW/CORE/CAW-010-Edge-Layer.md,MOVE_TO_TARGET,N/A,HIGH,S12,Active CAW Core specification,"File size 1931 bytes, SHA256 702fcfc85c9b..."
FILE,DOCS/CAW/CAW-011-Build-Order.md,CAW-011-Build-Order.md,N/A,CAW-011 — Build Order (Living Roadmap),N/A,ACTIVE — this is the project dashboard. Update Status inline as work progresses. Supersedes v1.0 (added Depends On / Size / AMS / Status columns per ratified governance; no separate ZIR).**,N/A,N/A,N/A,N/A,CANONICAL-ACTIVE,N/A,N/A,N/A,PROGRAMS-CAW-CORE,DOCS/PROGRAMS/CAW/CORE/CAW-011-Build-Order.md,MOVE_TO_TARGET,N/A,HIGH,S12,Active CAW Core specification,"File size 19834 bytes, SHA256 12c46c1f89a2..."
FILE,DOCS/CAW/CAW-012-AI-Mandates.md,CAW-012-AI-Mandates.md,N/A,CAW-012 — AI Mandates,N/A,ACTIVE · Uses: CEngS-003 mandate template — not restated here**,N/A,N/A,N/A,N/A,CANONICAL-ACTIVE,"IT-0302 (GS1 identifier model), IT-0501 (registry interfaces)",N/A,N/A,PROGRAMS-CAW-CORE,DOCS/PROGRAMS/CAW/CORE/CAW-012-AI-Mandates.md,MOVE_TO_TARGET,N/A,HIGH,S12,Active CAW Core specification,"File size 4364 bytes, SHA256 6e27caaa0c12..."
FILE,DOCS/CAW/CAW-013-Validation-Suite.md,CAW-013-Validation-Suite.md,N/A,CAW-013 — Validation Suite,N/A,ACTIVE**,N/A,N/A,N/A,Zyppi,CANONICAL-ACTIVE,N/A,N/A,N/A,PROGRAMS-CAW-CORE,DOCS/PROGRAMS/CAW/CORE/CAW-013-Validation-Suite.md,MOVE_TO_TARGET,N/A,HIGH,S12,Active CAW Core specification,"File size 2311 bytes, SHA256 1aeea6ebda9a..."
FILE,DOCS/CAW/CAW-014-Release-Plan.md,CAW-014-Release-Plan.md,N/A,CAW-014 — Release Plan,N/A,ACTIVE · Channels defined by CEngS-102 §9 — applied here to the wedge**,N/A,N/A,N/A,Zyppi,CANONICAL-ACTIVE,N/A,N/A,N/A,PROGRAMS-CAW-CORE,DOCS/PROGRAMS/CAW/CORE/CAW-014-Release-Plan.md,MOVE_TO_TARGET,N/A,HIGH,S12,Active CAW Core specification,"File size 2902 bytes, SHA256 765aa8e446ad..."
FILE,DOCS/CAW/CAW-Full-at-M03.md,CAW-Full-at-M03.md,N/A,CAW-000 — Navigation Index,N/A,ACTIVE · Commerce Atlas Wedge (Phase 2) Execution Series**,N/A,N/A,N/A,Zyppi,CANONICAL-ACTIVE,N/A,N/A,N/A,PROGRAMS-CAW-CORE,DOCS/PROGRAMS/CAW/CORE/CAW-Full-at-M03.md,MOVE_TO_TARGET,N/A,HIGH,S12,Active CAW Core specification,"File size 71877 bytes, SHA256 4147afdd2226..."
FILE,DOCS/CAW/CCP/CCP-POL-PROD-01-RECEIPT.md,CCP-POL-PROD-01-RECEIPT.md,N/A,Completion Receipt: CCP-POL-PROD-01,N/A,** READY FOR COUNCIL RE-VERIFICATION,N/A,N/A,"""OWNER""",Zyppi,EVIDENCE,N/A,N/A,N/A,EVIDENCE-CCP-RECEIPTS,DOCS/EVIDENCE/CCP-RECEIPTS/CCP-POL-PROD-01-RECEIPT.md,MOVE_TO_TARGET,N/A,LOW,S13C,Capability Closure Program (CCP) receipt artifact,"File size 11715 bytes, SHA256 df0a8c05f8f2..."
FILE,DOCS/CAW/CCP/CCP-PRJ-PROD-01-RECEIPT.md,CCP-PRJ-PROD-01-RECEIPT.md,N/A,CCP-PRJ-PROD-01 Completion Receipt,N/A,READY FOR COUNCIL RE-VERIFICATION,N/A,N/A,"""REQUESTED_CAPABILITY""",Zyppi,EVIDENCE,N/A,N/A,N/A,EVIDENCE-CCP-RECEIPTS,DOCS/EVIDENCE/CCP-RECEIPTS/CCP-PRJ-PROD-01-RECEIPT.md,MOVE_TO_TARGET,N/A,LOW,S13C,Capability Closure Program (CCP) receipt artifact,"File size 12418 bytes, SHA256 f7f76cd5df09..."
FILE,DOCS/CAW/CCP/CCP-RI-01A-RECEIPT.md,CCP-RI-01A-RECEIPT.md,N/A,CCP-RI-01A — Completion Receipt,N/A,** IMPLEMENTED & VERIFIED,N/A,** LIMITED — THIS PACKET ONLY,N/A,Zyppi,EVIDENCE,N/A,N/A,N/A,EVIDENCE-CCP-RECEIPTS,DOCS/EVIDENCE/CCP-RECEIPTS/CCP-RI-01A-RECEIPT.md,MOVE_TO_TARGET,N/A,LOW,S13C,Capability Closure Program (CCP) receipt artifact,"File size 8117 bytes, SHA256 52d2bbff2c3d..."
FILE,DOCS/CAW/CCP/CCP-RI-02A-RECEIPT.md,CCP-RI-02A-RECEIPT.md,N/A,CCP-RI-02A — Completion Receipt,N/A,** IMPLEMENTED / VERIFIED,N/A,** LIMITED — THIS PACKET ONLY,N/A,Zyppi,EVIDENCE,N/A,N/A,N/A,EVIDENCE-CCP-RECEIPTS,DOCS/EVIDENCE/CCP-RECEIPTS/CCP-RI-02A-RECEIPT.md,MOVE_TO_TARGET,N/A,LOW,S13C,Capability Closure Program (CCP) receipt artifact,"File size 10658 bytes, SHA256 e50cf7520130..."
FILE,DOCS/CAW/CCP/CCP-RI-03A-RECEIPT.md,CCP-RI-03A-RECEIPT.md,N/A,CCP-RI-03A Completion Receipt — Native Bundle Verification Integration Closure,N/A,** IMPLEMENTED / VERIFIED,** IMPLEMENTATION MANDATE,** LIMITED — THIS PACKET ONLY,N/A,Zyppi,EVIDENCE,N/A,N/A,N/A,EVIDENCE-CCP-RECEIPTS,DOCS/EVIDENCE/CCP-RECEIPTS/CCP-RI-03A-RECEIPT.md,MOVE_TO_TARGET,N/A,LOW,S13C,Capability Closure Program (CCP) receipt artifact,"File size 10655 bytes, SHA256 a28e4e19d2a8..."
FILE,DOCS/CAW/CCP/CCP-RI-04A-RECEIPT.md,CCP-RI-04A-RECEIPT.md,N/A,CCP-RI-04A Completion Receipt — Native Dependency Resolution Stage Implementation,N/A,N/A,N/A,N/A,N/A,Zyppi,EVIDENCE,N/A,N/A,N/A,EVIDENCE-CCP-RECEIPTS,DOCS/EVIDENCE/CCP-RECEIPTS/CCP-RI-04A-RECEIPT.md,MOVE_TO_TARGET,N/A,LOW,S13C,Capability Closure Program (CCP) receipt artifact,"File size 8489 bytes, SHA256 9dcf2a02f19b..."
FILE,DOCS/CAW/CCP/CCP-RI-V2-01-RECEIPT.md,CCP-RI-V2-01-RECEIPT.md,N/A,Completion Receipt — CCP-RI-V2-01,N/A,N/A,N/A,N/A,N/A,Zyppi,EVIDENCE,N/A,N/A,N/A,EVIDENCE-CCP-RECEIPTS,DOCS/EVIDENCE/CCP-RECEIPTS/CCP-RI-V2-01-RECEIPT.md,MOVE_TO_TARGET,N/A,LOW,S13C,Capability Closure Program (CCP) receipt artifact,"File size 11970 bytes, SHA256 f51e8695250d..."
FILE,DOCS/CAW/CCP/CCP-RI-V2-02-RECEIPT.md,CCP-RI-V2-02-RECEIPT.md,N/A,CCP-RI-V2-02 Completion Receipt,N/A,N/A,N/A,N/A,N/A,Zyppi,EVIDENCE,N/A,N/A,N/A,EVIDENCE-CCP-RECEIPTS,DOCS/EVIDENCE/CCP-RECEIPTS/CCP-RI-V2-02-RECEIPT.md,MOVE_TO_TARGET,N/A,LOW,S13C,Capability Closure Program (CCP) receipt artifact,"File size 37545 bytes, SHA256 beb17df52239..."
FILE,DOCS/CAW/CCP/CCP-RI-V2-03-RECEIPT.md,CCP-RI-V2-03-RECEIPT.md,N/A,CCP-RI-V2-03 Completion Receipt — Application V2 Materialization Seam,N/A,N/A,N/A,N/A,N/A,Zyppi,EVIDENCE,N/A,N/A,N/A,EVIDENCE-CCP-RECEIPTS,DOCS/EVIDENCE/CCP-RECEIPTS/CCP-RI-V2-03-RECEIPT.md,MOVE_TO_TARGET,N/A,LOW,S13C,Capability Closure Program (CCP) receipt artifact,"File size 8566 bytes, SHA256 774592ac1943..."
FILE,DOCS/CAW/CCP/CCP-RI-V2-04-RECEIPT.md,CCP-RI-V2-04-RECEIPT.md,N/A,CCP-RI-V2-04 Completion Receipt,N/A,** IMPLEMENTATION COMPLETE — PENDING COUNCIL RE-VERIFICATION,N/A,N/A,N/A,Zyppi,EVIDENCE,N/A,N/A,N/A,EVIDENCE-CCP-RECEIPTS,DOCS/EVIDENCE/CCP-RECEIPTS/CCP-RI-V2-04-RECEIPT.md,MOVE_TO_TARGET,N/A,LOW,S13C,Capability Closure Program (CCP) receipt artifact,"File size 6357 bytes, SHA256 5bb22c1c2a3a..."
FILE,DOCS/CAW/CCP/CCP-RI-V2-05-RECEIPT.md,CCP-RI-V2-05-RECEIPT.md,N/A,Completion Receipt: CCP-RI-V2-05 — Execution-Envelope Compatibility,N/A,** IMPLEMENTATION COMPLETE — PENDING COUNCIL RE-VERIFICATION,N/A,** Zyppi Constitutional Council,N/A,Zyppi,EVIDENCE,N/A,N/A,N/A,EVIDENCE-CCP-RECEIPTS,DOCS/EVIDENCE/CCP-RECEIPTS/CCP-RI-V2-05-RECEIPT.md,MOVE_TO_TARGET,N/A,LOW,S13C,Capability Closure Program (CCP) receipt artifact,"File size 9251 bytes, SHA256 1eec586a6bed..."
FILE,DOCS/CAW/CCP/CCP-RI-V2-06-RECEIPT.md,CCP-RI-V2-06-RECEIPT.md,N/A,CCP-RI-V2-06 Completion Receipt — Production / Test Isolation,N/A,N/A,N/A,N/A,N/A,Zyppi,EVIDENCE,N/A,N/A,N/A,EVIDENCE-CCP-RECEIPTS,DOCS/EVIDENCE/CCP-RECEIPTS/CCP-RI-V2-06-RECEIPT.md,MOVE_TO_TARGET,N/A,LOW,S13C,Capability Closure Program (CCP) receipt artifact,"File size 9281 bytes, SHA256 b369e9f0df3c..."
FILE,DOCS/CAW/CCP/CCP-RI-V2-07-RECEIPT.md,CCP-RI-V2-07-RECEIPT.md,N/A,Completion Receipt: CCP-RI-V2-07 — Owner Evaluation Integration,N/A,N/A,N/A,N/A,N/A,Zyppi,EVIDENCE,N/A,N/A,N/A,EVIDENCE-CCP-RECEIPTS,DOCS/EVIDENCE/CCP-RECEIPTS/CCP-RI-V2-07-RECEIPT.md,MOVE_TO_TARGET,N/A,LOW,S13C,Capability Closure Program (CCP) receipt artifact,"File size 10799 bytes, SHA256 0b4d2524b4cc..."
FILE,DOCS/CAW/CCP/CCP-RI-V2-08-RECEIPT.md,CCP-RI-V2-08-RECEIPT.md,N/A,CCP-RI-V2-08 — COMPLETION RECEIPT,N/A,** READY FOR COUNCIL RE-VERIFICATION,N/A,** Zyppi Constitutional Council,N/A,Zyppi,EVIDENCE,N/A,N/A,N/A,EVIDENCE-CCP-RECEIPTS,DOCS/EVIDENCE/CCP-RECEIPTS/CCP-RI-V2-08-RECEIPT.md,MOVE_TO_TARGET,N/A,LOW,S13C,Capability Closure Program (CCP) receipt artifact,"File size 6034 bytes, SHA256 a019a7fa9b70..."
FILE,DOCS/CAW/CCP/CCP-RI-V2-09-RECEIPT.md,CCP-RI-V2-09-RECEIPT.md,N/A,CCP-RI-V2-09 — Completion Receipt,N/A,** READY FOR COUNCIL RE-VERIFICATION,N/A,N/A,N/A,Zyppi,EVIDENCE,N/A,N/A,N/A,EVIDENCE-CCP-RECEIPTS,DOCS/EVIDENCE/CCP-RECEIPTS/CCP-RI-V2-09-RECEIPT.md,MOVE_TO_TARGET,N/A,LOW,S13C,Capability Closure Program (CCP) receipt artifact,"File size 10640 bytes, SHA256 2602be965c44..."
FILE,DOCS/CAW/CCP/CCP-RI-V2-10-RECEIPT.md,CCP-RI-V2-10-RECEIPT.md,N/A,Completion Receipt — CCP-RI-V2-10 — Native End-to-End Proof Mandate,N/A,** READY FOR COUNCIL RE-VERIFICATION,N/A,** Zyppi Constitutional Council,N/A,Zyppi,EVIDENCE,N/A,N/A,N/A,EVIDENCE-CCP-RECEIPTS,DOCS/EVIDENCE/CCP-RECEIPTS/CCP-RI-V2-10-RECEIPT.md,MOVE_TO_TARGET,N/A,LOW,S13C,Capability Closure Program (CCP) receipt artifact,"File size 16926 bytes, SHA256 fc4e406eb2ee..."
FILE,DOCS/CAW/CCP/CCP-SEC-PROD-01-RECEIPT.md,CCP-SEC-PROD-01-RECEIPT.md,N/A,CCP-SEC-PROD-01 Completion Receipt — Native V2 TrustResult Production Foundation,N/A,** READY FOR COUNCIL RE-VERIFICATION,N/A,** Zyppi Constitutional Council,N/A,Zyppi,EVIDENCE,N/A,N/A,N/A,EVIDENCE-CCP-RECEIPTS,DOCS/EVIDENCE/CCP-RECEIPTS/CCP-SEC-PROD-01-RECEIPT.md,MOVE_TO_TARGET,N/A,LOW,S13C,Capability Closure Program (CCP) receipt artifact,"File size 11613 bytes, SHA256 30a938dd4e63..."
FILE,DOCS/CAW/M04/M04-Closure-Acceptance-Audit.md,M04-Closure-Acceptance-Audit.md,N/A,M04 — Runtime Skeleton Milestone Closure Acceptance Audit,N/A,** **CLOSED — DISPOSITION A RATIFIED**,N/A,N/A,N/A,Zyppi,EVIDENCE,N/A,N/A,N/A,PROGRAMS-CAW-AMS,DOCS/PROGRAMS/CAW/M04/M04-Closure-Acceptance-Audit.md,MOVE_TO_TARGET,N/A,MEDIUM,S13A,CAW AMS evidence/closure report,"File size 10363 bytes, SHA256 b68cdbe0ea47..."
FILE,DOCS/CAW/M04/M04-Closure-Review.md,M04-Closure-Review.md,N/A,M04 — Runtime Skeleton Milestone Closure Review,N/A,** **CLOSED — DISPOSITION A RATIFIED**,N/A,** M04-PLAN §14–15; CAW-011 M04 task table (IT-0401–IT-0407),N/A,Zyppi,EVIDENCE,**,N/A,N/A,PROGRAMS-CAW-AMS,DOCS/PROGRAMS/CAW/M04/M04-Closure-Review.md,MOVE_TO_TARGET,N/A,MEDIUM,S13A,CAW AMS evidence/closure report,"File size 8447 bytes, SHA256 4ad80f36b6d6..."
FILE,DOCS/CAW/M04/M04-Completion-Matrix.md,M04-Completion-Matrix.md,N/A,M04 — Runtime Skeleton Milestone Completion Matrix,N/A,** **CLOSED — DISPOSITION A RATIFIED**,N/A,N/A,N/A,N/A,IMPLEMENTATION,N/A,N/A,N/A,PROGRAMS-CAW-AMS,DOCS/PROGRAMS/CAW/M04/M04-Completion-Matrix.md,MOVE_TO_TARGET,N/A,MEDIUM,S13A,CAW AMS implementation contract,"File size 9913 bytes, SHA256 2053906209de..."
FILE,DOCS/CAW/M04/M04-Deferred-Responsibilities.md,M04-Deferred-Responsibilities.md,N/A,M04 — Runtime Skeleton Milestone Deferred Responsibilities,N/A,** **CLOSED — DISPOSITION A RATIFIED**,N/A,N/A,N/A,N/A,IMPLEMENTATION,N/A,N/A,N/A,PROGRAMS-CAW-AMS,DOCS/PROGRAMS/CAW/M04/M04-Deferred-Responsibilities.md,MOVE_TO_TARGET,N/A,MEDIUM,S13A,CAW AMS implementation contract,"File size 8482 bytes, SHA256 e1624fe71fed..."
FILE,DOCS/CAW/M05/M05-C0-Closure-Readiness-Determination.md,M05-C0-Closure-Readiness-Determination.md,N/A,M05-C0-Closure-Readiness-Determination.md,N/A,Clean at the audited repository baseline,N/A,"Chair, Zyppi Constitutional Council",N/A,Zyppi,EVIDENCE,N/A,N/A,N/A,PROGRAMS-CAW-AMS,DOCS/PROGRAMS/CAW/M05/M05-C0-Closure-Readiness-Determination.md,MOVE_TO_TARGET,N/A,MEDIUM,S13B,CAW AMS evidence/closure report,"File size 28534 bytes, SHA256 cf5d19616c58..."
FILE,DOCS/CAW/M05/M05-FINAL-VERIFICATION-REPORT.md,M05-FINAL-VERIFICATION-REPORT.md,N/A,M05 — Final Verification Report,N/A,** Clean (all files formatted and staged),N/A,"** Chair, Zyppi Constitutional Council",N/A,Zyppi,EVIDENCE,N/A,N/A,N/A,PROGRAMS-CAW-AMS,DOCS/PROGRAMS/CAW/M05/M05-FINAL-VERIFICATION-REPORT.md,MOVE_TO_TARGET,N/A,MEDIUM,S13B,CAW AMS evidence/closure report,"File size 4611 bytes, SHA256 75e8e313e80e..."
FILE,DOCS/CAW/M05/M05-PLAN.md,M05-PLAN.md,N/A,M05-PLAN — Registry Layer Constitutional Plan,N/A,** RATIFIED **Authority Level:** CAW Planning Artifact **Roadmap Authority:**,N/A,** CAW Planning Artifact **Roadmap Authority:**,N/A,Zyppi,IMPLEMENTATION,N/A,N/A,N/A,PROGRAMS-CAW-AMS,DOCS/PROGRAMS/CAW/M05/M05-PLAN.md,MOVE_TO_TARGET,N/A,MEDIUM,S13B,CAW milestone prep/plan artifact,"File size 52910 bytes, SHA256 df4cd04217bc..."
FILE,DOCS/CAW/M05/M05-PREP.md,M05-PREP.md,N/A,M05-PREP — Registry Layer Planning Readiness,N/A,** **RATIFIED**.,N/A,** **NONE** (No code changes may be made beyond writing this report).,N/A,Zyppi,IMPLEMENTATION,N/A,N/A,N/A,PROGRAMS-CAW-AMS,DOCS/PROGRAMS/CAW/M05/M05-PREP.md,MOVE_TO_TARGET,N/A,MEDIUM,S13B,CAW milestone prep/plan artifact,"File size 48120 bytes, SHA256 9b53b77a1da8..."
FILE,DOCS/CAW/M06/AMS-0606-EVR.md,AMS-0606-EVR.md,N/A,AMS-0606-EVR — Replay Validation Report,N/A,** Ratified & Complete,N/A,N/A,N/A,Zyppi,EVIDENCE,N/A,N/A,N/A,PROGRAMS-CAW-AMS,DOCS/PROGRAMS/CAW/M06/AMS-0606-EVR.md,MOVE_TO_TARGET,N/A,MEDIUM,S13B,CAW AMS evidence/closure report,"File size 6119 bytes, SHA256 0ff791f4e227..."
FILE,DOCS/CAW/M06/CCR-06-01.md,CCR-06-01.md,N/A,CCR-06-01 — GS1 Standards Baseline Ratification & Zyppi Support-Profile Decision,N/A,N/A,N/A,N/A,N/A,Zyppi,IMPLEMENTATION,N/A,N/A,N/A,PROGRAMS-CAW-AMS,DOCS/PROGRAMS/CAW/M06/CCR-06-01.md,MOVE_TO_TARGET,N/A,MEDIUM,S13B,CAW AMS implementation contract,"File size 26872 bytes, SHA256 925e43456967..."
FILE,DOCS/CAW/M06/CRR-06-01.md,CRR-06-01.md,N/A,CRR-06-01.md,N/A,N/A,N/A,N/A,N/A,Zyppi,IMPLEMENTATION,N/A,N/A,N/A,PROGRAMS-CAW-AMS,DOCS/PROGRAMS/CAW/M06/CRR-06-01.md,MOVE_TO_TARGET,N/A,MEDIUM,S13B,CAW AMS implementation contract,"File size 15037 bytes, SHA256 18394617b8b4..."
FILE,DOCS/CAW/M06/G-06-01.md,G-06-01.md,N/A,G-06-01 — GS1 Standards Authority Verification,N/A,N/A,N/A,N/A,N/A,Zyppi,IMPLEMENTATION,N/A,N/A,N/A,PROGRAMS-CAW-AMS,DOCS/PROGRAMS/CAW/M06/G-06-01.md,MOVE_TO_TARGET,N/A,MEDIUM,S13B,CAW AMS implementation contract,"File size 64956 bytes, SHA256 23606433bf38..."
FILE,DOCS/CAW/M06/G-06-03.md,G-06-03.md,N/A,G-06-03 — M05/M06 Registry-Key Reconciliation Review,N/A,N/A,N/A,N/A,N/A,Zyppi,IMPLEMENTATION,N/A,N/A,N/A,PROGRAMS-CAW-AMS,DOCS/PROGRAMS/CAW/M06/G-06-03.md,MOVE_TO_TARGET,N/A,MEDIUM,S13B,CAW AMS implementation contract,"File size 24950 bytes, SHA256 81a64c9909a8..."
FILE,DOCS/CAW/M06/M06-ADR.md,M06-ADR.md,N/A,M06-ADR — GS1 Digital Link Resolution,N/A,N/A,N/A,N/A,N/A,Zyppi,IMPLEMENTATION,N/A,N/A,N/A,PROGRAMS-CAW-AMS,DOCS/PROGRAMS/CAW/M06/M06-ADR.md,MOVE_TO_TARGET,N/A,MEDIUM,S13B,CAW AMS implementation contract,"File size 28352 bytes, SHA256 eea08143aaa5..."
FILE,DOCS/CAW/M06/M06-CLOUSRE.md,M06-CLOUSRE.md,N/A,M06 — Closure Report,N/A,** VERIFIED — Pending Constitutional Ratification,N/A,** Zyppi Constitutional Council,N/A,Zyppi,IMPLEMENTATION,N/A,N/A,N/A,PROGRAMS-CAW-AMS,DOCS/PROGRAMS/CAW/M06/M06-CLOUSRE.md,MOVE_TO_TARGET,N/A,MEDIUM,S13B,CAW AMS implementation contract,"File size 6468 bytes, SHA256 87a5f58bd274..."
FILE,DOCS/CAW/M06/M06-PLAN-V1.0.md,M06-PLAN-V1.0.md,N/A,M06-PLAN — GS1 Digital Link Resolution Constitutional Plan,N/A,N/A,N/A,N/A,N/A,Zyppi,IMPLEMENTATION,N/A,N/A,N/A,PROGRAMS-CAW-AMS,DOCS/PROGRAMS/CAW/M06/M06-PLAN-V1.0.md,MOVE_TO_TARGET,N/A,MEDIUM,S13B,CAW milestone prep/plan artifact,"File size 30693 bytes, SHA256 c1d5ce0fab95..."
FILE,DOCS/CAW/M06/M06-PLAN-V2.md,M06-PLAN-V2.md,N/A,M06-PLAN v0.2 — GS1 Digital Link Resolution Constitutional Plan,N/A,N/A,N/A,N/A,N/A,Zyppi,IMPLEMENTATION,N/A,N/A,N/A,PROGRAMS-CAW-AMS,DOCS/PROGRAMS/CAW/M06/M06-PLAN-V2.md,MOVE_TO_TARGET,N/A,MEDIUM,S13B,CAW milestone prep/plan artifact,"File size 19679 bytes, SHA256 9a240c1fa59d..."
FILE,DOCS/CAW/M06/M06-PREP.md,M06-PREP.md,N/A,M06-PREP — M06 Preparation and Repository Readiness Report,N/A,N/A,N/A,"Chair — Zyppi Constitutional Council, Program: CAW-011).",N/A,Zyppi,IMPLEMENTATION,N/A,N/A,N/A,PROGRAMS-CAW-AMS,DOCS/PROGRAMS/CAW/M06/M06-PREP.md,MOVE_TO_TARGET,N/A,MEDIUM,S13B,CAW milestone prep/plan artifact,"File size 27169 bytes, SHA256 257cc6306b24..."
FILE,DOCS/CAW/M06/RM-06-01.md,RM-06-01.md,N/A,RM-06-01 — GS1 Standards Extraction & Verification Report,N/A,N/A,N/A,N/A,N/A,Zyppi,IMPLEMENTATION,N/A,N/A,N/A,PROGRAMS-CAW-AMS,DOCS/PROGRAMS/CAW/M06/RM-06-01.md,MOVE_TO_TARGET,N/A,MEDIUM,S13B,CAW AMS implementation contract,"File size 42355 bytes, SHA256 96f815db624a..."
FILE,DOCS/CAW/M06/_M06-PREP.md,_M06-PREP.md,N/A,M06-PREP — M06 Preparation and Repository Readiness Report,N/A,N/A,N/A,** Chair — Zyppi Constitutional Council **Program:** CAW-011 **Milestone:** M06 — GS1 Digital Link Resolution,N/A,Zyppi,IMPLEMENTATION,N/A,N/A,N/A,PROGRAMS-CAW-AMS,DOCS/PROGRAMS/CAW/M06/_M06-PREP.md,MOVE_TO_TARGET,N/A,MEDIUM,S13B,CAW milestone prep/plan artifact,"File size 41178 bytes, SHA256 6c9a59174995..."
FILE,DOCS/CAW/M07/M07-PREP-Repository-Investigation-Report.md,M07-PREP-Repository-Investigation-Report.md,N/A,M07-PREP Repository Investigation Report,N/A,N/A,N/A,N/A,N/A,Zyppi,EVIDENCE,N/A,N/A,N/A,PROGRAMS-CAW-AMS,DOCS/PROGRAMS/CAW/M07/M07-PREP-Repository-Investigation-Report.md,MOVE_TO_TARGET,N/A,MEDIUM,S13B,CAW AMS evidence/closure report,"File size 27753 bytes, SHA256 1976a313f39b..."
FILE,DOCS/CAW/M08.5/AMS-0851-EVR.md,AMS-0851-EVR.md,N/A,AMS-0851 — Profile Architecture Semantic & Boundary Closure Preparation,N/A,** MATERIALIZED,N/A,** NONE beyond authorized reconnaissance and EVR materialization,N/A,Zyppi,EVIDENCE,N/A,N/A,N/A,PROGRAMS-CAW-AMS,DOCS/PROGRAMS/CAW/M08.5/AMS-0851-EVR.md,MOVE_TO_TARGET,N/A,MEDIUM,S13B,CAW AMS evidence/closure report,"File size 24302 bytes, SHA256 724f3d61288e..."
FILE,DOCS/CAW/M08.5/AMS-0852-CONTRACT-SPEC.md,AMS-0852-CONTRACT-SPEC.md,N/A,AMS-0852 — Z-PROF Contract Specification,N/A,** MATERIALIZED,N/A,** **NONE**,N/A,Zyppi,IMPLEMENTATION,N/A,N/A,N/A,PROGRAMS-CAW-AMS,DOCS/PROGRAMS/CAW/M08.5/AMS-0852-CONTRACT-SPEC.md,MOVE_TO_TARGET,N/A,MEDIUM,S13B,CAW AMS implementation contract,"File size 29665 bytes, SHA256 bbb341ca690e..."
FILE,DOCS/CAW/M08.5/AMS-0852-EVR.md,AMS-0852-EVR.md,N/A,AMS-0852 — Z-PROF Contract Materialization & Composition Boundary,N/A,** MATERIALIZED,N/A,** **NONE**,N/A,Zyppi,EVIDENCE,N/A,N/A,N/A,PROGRAMS-CAW-AMS,DOCS/PROGRAMS/CAW/M08.5/AMS-0852-EVR.md,MOVE_TO_TARGET,N/A,MEDIUM,S13B,CAW AMS evidence/closure report,"File size 10777 bytes, SHA256 660ed6b955cc..."
FILE,DOCS/CAW/M08.5/AMS-0853-BOUNDARY-DIAGRAM.md,AMS-0853-BOUNDARY-DIAGRAM.md,N/A,AMS-0853 — Deliverable D3: Application Resolver Component / Boundary Diagram,N/A,** MATERIALIZED,N/A,N/A,N/A,N/A,IMPLEMENTATION,N/A,N/A,N/A,PROGRAMS-CAW-AMS,DOCS/PROGRAMS/CAW/M08.5/AMS-0853-BOUNDARY-DIAGRAM.md,MOVE_TO_TARGET,N/A,MEDIUM,S13B,CAW AMS implementation contract,"File size 5705 bytes, SHA256 b75e188c8db0..."
FILE,DOCS/CAW/M08.5/AMS-0853-EVR.md,AMS-0853-EVR.md,N/A,AMS-0853 — Evidence Verification Report (EVR),N/A,** COMPLETE,N/A,** **LIMITED**,N/A,Zyppi,EVIDENCE,N/A,N/A,N/A,PROGRAMS-CAW-AMS,DOCS/PROGRAMS/CAW/M08.5/AMS-0853-EVR.md,MOVE_TO_TARGET,N/A,MEDIUM,S13B,CAW AMS evidence/closure report,"File size 12475 bytes, SHA256 85858fec132f..."
FILE,DOCS/CAW/M08.5/AMS-0854-BOUNDARY-DIAGRAM.md,AMS-0854-BOUNDARY-DIAGRAM.md,N/A,AMS-0854 — Multi-Domain Boundary Diagram (C4 Level 2 / Level 3),N/A,N/A,N/A,N/A,N/A,Zyppi,IMPLEMENTATION,N/A,N/A,N/A,PROGRAMS-CAW-AMS,DOCS/PROGRAMS/CAW/M08.5/AMS-0854-BOUNDARY-DIAGRAM.md,MOVE_TO_TARGET,N/A,MEDIUM,S13B,CAW AMS implementation contract,"File size 10017 bytes, SHA256 d77986a00970..."
FILE,DOCS/CAW/M08.5/AMS-0854-EVR.md,AMS-0854-EVR.md,N/A,AMS-0854 — Evidence Verification Report (EVR),N/A,N/A,N/A,** **LIMITED** (Application-layer implementation and verification only),N/A,Zyppi,EVIDENCE,N/A,N/A,N/A,PROGRAMS-CAW-AMS,DOCS/PROGRAMS/CAW/M08.5/AMS-0854-EVR.md,MOVE_TO_TARGET,N/A,MEDIUM,S13B,CAW AMS evidence/closure report,"File size 11277 bytes, SHA256 b3f5f35f034b..."
FILE,DOCS/CAW/M08.5/AMS-0855-COMPATIBILITY-MODEL.md,AMS-0855-COMPATIBILITY-MODEL.md,N/A,AMS-0855 — Z-PROF Compatibility Model Specification,N/A,N/A,N/A,** **AUTHORIZED — LIMITED TO THIS MANDATE**,N/A,N/A,IMPLEMENTATION,N/A,N/A,N/A,PROGRAMS-CAW-AMS,DOCS/PROGRAMS/CAW/M08.5/AMS-0855-COMPATIBILITY-MODEL.md,MOVE_TO_TARGET,N/A,MEDIUM,S13B,CAW AMS implementation contract,"File size 9029 bytes, SHA256 0b340f79241f..."
FILE,DOCS/CAW/M08.5/AMS-0855-FACTORIZATION-EVR.md,AMS-0855-FACTORIZATION-EVR.md,N/A,AMS-0855 — Evidence Verification Report (EVR),N/A,N/A,N/A,** **AUTHORIZED — LIMITED TO THIS MANDATE**,N/A,Zyppi,EVIDENCE,N/A,N/A,N/A,PROGRAMS-CAW-AMS,DOCS/PROGRAMS/CAW/M08.5/AMS-0855-FACTORIZATION-EVR.md,MOVE_TO_TARGET,N/A,MEDIUM,S13B,CAW AMS evidence/closure report,"File size 21393 bytes, SHA256 db8d9037b120..."
FILE,DOCS/CAW/M08.5/AMS-0855-REGISTRY-GENERALIZATION.md,AMS-0855-REGISTRY-GENERALIZATION.md,N/A,AMS-0855 — Registry Generalization Boundary Specification,N/A,N/A,N/A,** **AUTHORIZED — LIMITED TO THIS MANDATE**,N/A,Zyppi,IMPLEMENTATION,N/A,N/A,N/A,PROGRAMS-CAW-AMS,DOCS/PROGRAMS/CAW/M08.5/AMS-0855-REGISTRY-GENERALIZATION.md,MOVE_TO_TARGET,N/A,MEDIUM,S13B,CAW AMS implementation contract,"File size 9733 bytes, SHA256 6739701505ea..."
FILE,DOCS/CAW/M08.5/AMS-0855-VERSION-BINDING.md,AMS-0855-VERSION-BINDING.md,N/A,AMS-0855 — Z-PROF Explicit Version Binding Specification,N/A,N/A,N/A,** **AUTHORIZED — LIMITED TO THIS MANDATE**,N/A,Zyppi,IMPLEMENTATION,N/A,N/A,N/A,PROGRAMS-CAW-AMS,DOCS/PROGRAMS/CAW/M08.5/AMS-0855-VERSION-BINDING.md,MOVE_TO_TARGET,N/A,MEDIUM,S13B,CAW AMS implementation contract,"File size 5928 bytes, SHA256 1b6a7c2cb375..."
FILE,DOCS/CAW/M08.5/AMS-0856-EVR.md,AMS-0856-EVR.md,N/A,AMS-0856 — Evidence Verification Report (EVR),N/A,N/A,N/A,** **AUTHORIZED**,N/A,Zyppi,EVIDENCE,N/A,N/A,N/A,PROGRAMS-CAW-AMS,DOCS/PROGRAMS/CAW/M08.5/AMS-0856-EVR.md,MOVE_TO_TARGET,N/A,MEDIUM,S13B,CAW AMS evidence/closure report,"File size 15765 bytes, SHA256 caecd66a21b2..."
FILE,DOCS/CAW/M08.5/AMS-0856-R-CONTEXT-RECEIPT.md,AMS-0856-R-CONTEXT-RECEIPT.md,N/A,CEngS-003 Context Receipt — AMS-0856-R,N/A,N/A,N/A,** Zyppi Constitutional Council,N/A,Zyppi,EVIDENCE,N/A,N/A,N/A,PROGRAMS-CAW-AMS,DOCS/PROGRAMS/CAW/M08.5/AMS-0856-R-CONTEXT-RECEIPT.md,MOVE_TO_TARGET,N/A,MEDIUM,S13B,CAW AMS evidence/closure report,"File size 4116 bytes, SHA256 7184af706bad..."
FILE,DOCS/CAW/M08.5/AMS-0856-R-EVR.md,AMS-0856-R-EVR.md,N/A,AMS-0856-R — Evidence Verification Report (EVR),N/A,N/A,N/A,** **AUTHORIZED — CONSUMER-SIDE BOUNDARY ONLY**,N/A,N/A,EVIDENCE,N/A,N/A,N/A,PROGRAMS-CAW-AMS,DOCS/PROGRAMS/CAW/M08.5/AMS-0856-R-EVR.md,MOVE_TO_TARGET,N/A,MEDIUM,S13B,CAW AMS evidence/closure report,"File size 8609 bytes, SHA256 08eee42bfd74..."
FILE,DOCS/CAW/M08.5/AMS-0857-CONTEXT-RECEIPT.md,AMS-0857-CONTEXT-RECEIPT.md,N/A,CEngS-003 Context Receipt — AMS-0857,N/A,N/A,N/A,** Zyppi Constitutional Council,N/A,Zyppi,EVIDENCE,N/A,N/A,N/A,PROGRAMS-CAW-AMS,DOCS/PROGRAMS/CAW/M08.5/AMS-0857-CONTEXT-RECEIPT.md,MOVE_TO_TARGET,N/A,MEDIUM,S13B,CAW AMS evidence/closure report,"File size 5716 bytes, SHA256 3533a18f33a8..."
FILE,DOCS/CAW/M08.5/AMS-0857-EVR.md,AMS-0857-EVR.md,N/A,Evidence Verification Report — AMS-0857,N/A,** AUTHORIZED — IMPLEMENTATION,N/A,** Zyppi Constitutional Council,N/A,Zyppi,EVIDENCE,N/A,N/A,N/A,PROGRAMS-CAW-AMS,DOCS/PROGRAMS/CAW/M08.5/AMS-0857-EVR.md,MOVE_TO_TARGET,N/A,MEDIUM,S13B,CAW AMS evidence/closure report,"File size 8998 bytes, SHA256 bb1bd97322c8..."
FILE,DOCS/CAW/M08.5/AMS-0860-ARCH-CLOSURE.md,AMS-0860-ARCH-CLOSURE.md,N/A,"AMS-0860-ARCH-CLOSURE — Lifecycle, Version Binding, Trust & Operation Architecture",N/A,** **DRAFT — FOR COUNCIL REVIEW**,N/A,** Zyppi Constitutional Council,N/A,Zyppi,EVIDENCE,N/A,N/A,N/A,PROGRAMS-CAW-AMS,DOCS/PROGRAMS/CAW/M08.5/AMS-0860-ARCH-CLOSURE.md,MOVE_TO_TARGET,N/A,MEDIUM,S13B,CAW AMS evidence/closure report,"File size 54388 bytes, SHA256 84b2434d7e38..."
FILE,DOCS/CAW/M08.5/AMS-0860-CONTRACT-CLOSURE.md,AMS-0860-CONTRACT-CLOSURE.md,N/A,"AMS-0860-CONTRACT-CLOSURE — Lifecycle, Version Binding, Trust & Operation Contracts",N/A,** **DRAFT — FOR COUNCIL REVIEW**,N/A,** Zyppi Constitutional Council,N/A,Zyppi,EVIDENCE,N/A,N/A,N/A,PROGRAMS-CAW-AMS,DOCS/PROGRAMS/CAW/M08.5/AMS-0860-CONTRACT-CLOSURE.md,MOVE_TO_TARGET,N/A,MEDIUM,S13B,CAW AMS evidence/closure report,"File size 73198 bytes, SHA256 1930a6c248fb..."
FILE,DOCS/CAW/M08.5/AMS-0861-PREP-R2.md,AMS-0861-PREP-R2.md,N/A,AMS-0861-PREP-R2 — GS1 Wedge Validation Charter,N/A,** **RATIFIED — VALIDATION CHARTER CLOSED** **Authority:** Zyppi Constitutional Council / Chair **Validation Domain:** GS1 **Architectural Subject:** Z-PROF **Implementation Authority:** **RECONNAISSANCE ONLY — Phase 0861-R0** **Implementation Beyond R0:** **WITHHELD pending Chair review of R0 findings**,N/A,** Zyppi Constitutional Council / Chair **Validation Domain:** GS1 **Architectural Subject:** Z-PROF **Implementation Authority:** **RECONNAISSANCE ONLY — Phase 0861-R0** **Implementation Beyond R0:** **WITHHELD pending Chair review of R0 findings**,N/A,Zyppi,IMPLEMENTATION,N/A,N/A,N/A,PROGRAMS-CAW-AMS,DOCS/PROGRAMS/CAW/M08.5/AMS-0861-PREP-R2.md,MOVE_TO_TARGET,N/A,MEDIUM,S13B,CAW milestone prep/plan artifact,"File size 48074 bytes, SHA256 9ef0138add59..."
FILE,DOCS/CAW/M08.5/AMS-0861-PREP.md,AMS-0861-PREP.md,N/A,AMS-0861-PREP — GS1 Wedge Validation Charter,N/A,"** DRAFT — FOR CONSTITUTIONAL COUNCIL RATIFICATION **Authority:** Subordinate to the ratified Zyppi Constitution, Z-PROF constitutional corpus, M08 Runtime boundaries, CONTRACT-R1, applicable CEngS standards, and completed predecessor AMS packets **Validation Domain:** GS1 **Architectural Subject:** Z-PROF **Implementation Authority:** NONE until Council ratification of this Charter **Success Mode:** Architecture validation, not GS1 feature completion",N/A,"** Subordinate to the ratified Zyppi Constitution, Z-PROF constitutional corpus, M08 Runtime boundaries, CONTRACT-R1, applicable CEngS standards, and completed predecessor AMS packets **Validation Domain:** GS1 **Architectural Subject:** Z-PROF **Implementation Authority:** NONE until Council ratification of this Charter **Success Mode:** Architecture validation, not GS1 feature completion",N/A,Zyppi,IMPLEMENTATION,N/A,N/A,N/A,PROGRAMS-CAW-AMS,DOCS/PROGRAMS/CAW/M08.5/AMS-0861-PREP.md,MOVE_TO_TARGET,N/A,MEDIUM,S13B,CAW milestone prep/plan artifact,"File size 45422 bytes, SHA256 6c84edfb33f1..."
FILE,DOCS/CAW/M08.5/M08.5-AMS-0851-0854-ALIGNMENT-AUDIT.md,M08.5-AMS-0851-0854-ALIGNMENT-AUDIT.md,N/A,M08.5 — AMS-0851–0854 Alignment Audit Mandate Report,N/A,**,N/A,** Zyppi Constitutional Council,N/A,Zyppi,EVIDENCE,N/A,N/A,N/A,PROGRAMS-CAW-AMS,DOCS/PROGRAMS/CAW/M08.5/M08.5-AMS-0851-0854-ALIGNMENT-AUDIT.md,MOVE_TO_TARGET,N/A,MEDIUM,S13B,CAW AMS evidence/closure report,"File size 36180 bytes, SHA256 3c484b81ad4a..."
FILE,DOCS/CAW/M08.5/M08.5-AMS-0851-0854-CORRECTION-EVR.md,M08.5-AMS-0851-0854-CORRECTION-EVR.md,N/A,M08.5 — AMS-0851–0854 Correction Evidence Verification Report (EVR),N/A,N/A,N/A,** Zyppi Constitutional Council Mandate,N/A,Zyppi,EVIDENCE,N/A,N/A,N/A,PROGRAMS-CAW-AMS,DOCS/PROGRAMS/CAW/M08.5/M08.5-AMS-0851-0854-CORRECTION-EVR.md,MOVE_TO_TARGET,N/A,MEDIUM,S13B,CAW AMS evidence/closure report,"File size 10372 bytes, SHA256 5220add04fee..."
FILE,DOCS/CAW/M08.5/M08.5-PLAN.md,M08.5-PLAN.md,N/A,M08.5-PLAN — Z-PROF Implementation Program,N/A,**,N/A,** Zyppi Constitutional Council,N/A,Zyppi,IMPLEMENTATION,**,N/A,N/A,PROGRAMS-CAW-AMS,DOCS/PROGRAMS/CAW/M08.5/M08.5-PLAN.md,MOVE_TO_TARGET,N/A,MEDIUM,S13B,CAW milestone prep/plan artifact,"File size 26214 bytes, SHA256 cdcb1c8c492a..."
FILE,DOCS/CAW/M08.5/M08.5-PREP.md,M08.5-PREP.md,N/A,M08.5-PREP — Z-PROF Implementation Preparation,N/A,** **,N/A,** Zyppi Constitutional Council **Implementation Authority:**,N/A,Zyppi,IMPLEMENTATION,N/A,N/A,N/A,PROGRAMS-CAW-AMS,DOCS/PROGRAMS/CAW/M08.5/M08.5-PREP.md,MOVE_TO_TARGET,N/A,MEDIUM,S13B,CAW milestone prep/plan artifact,"File size 24713 bytes, SHA256 88e0f63a0bca..."
FILE,DOCS/CAW/M08.5/M08.5-RECONNAISSANCE.md,M08.5-RECONNAISSANCE.md,N/A,M08.5-PREP Repository Reconnaissance Report,N/A,"** COMPLETE (100% Read-Only, Non-Mutating Verification)",N/A,N/A,N/A,Zyppi,IMPLEMENTATION,N/A,N/A,N/A,PROGRAMS-CAW-AMS,DOCS/PROGRAMS/CAW/M08.5/M08.5-RECONNAISSANCE.md,MOVE_TO_TARGET,N/A,MEDIUM,S13B,CAW AMS implementation contract,"File size 29712 bytes, SHA256 7e2f0d939f6e..."
FILE,DOCS/CAW/M08.5/Z-PROF-001.md,Z-PROF-001.md,N/A,Z-PROF-001 — Domain Composition & Interrogation Constitution,N/A,**,N/A,**,N/A,Zyppi,IMPLEMENTATION,**,**,N/A,PROGRAMS-CAW-AMS,DOCS/PROGRAMS/CAW/M08.5/Z-PROF-001.md,MOVE_TO_TARGET,N/A,MEDIUM,S13B,CAW AMS implementation contract,"File size 44802 bytes, SHA256 a7dfff2d480c..."
FILE,DOCS/CAW/M08.5/Z-PROF-CONTRACT.md,Z-PROF-CONTRACT.md,N/A,CONTRACT-R1 — Z-PROF Contract Closure,N/A,**,N/A,** Zyppi Constitutional Council **Implementation Authority:**,N/A,Zyppi,IMPLEMENTATION,N/A,N/A,N/A,PROGRAMS-CAW-AMS,DOCS/PROGRAMS/CAW/M08.5/Z-PROF-CONTRACT.md,MOVE_TO_TARGET,N/A,MEDIUM,S13B,CAW AMS implementation contract,"File size 20265 bytes, SHA256 fa3adf96d86c..."
FILE,DOCS/CAW/M08.5/Z-PROF-D1.md,Z-PROF-D1.md,N/A,Z-PROF-D1 — Constitutional Fit & Boundary Analysis,N/A,**,N/A,** Zyppi Constitutional Council,N/A,Zyppi,IMPLEMENTATION,N/A,**,N/A,PROGRAMS-CAW-AMS,DOCS/PROGRAMS/CAW/M08.5/Z-PROF-D1.md,MOVE_TO_TARGET,N/A,MEDIUM,S13B,CAW AMS implementation contract,"File size 24370 bytes, SHA256 11cf24baa730..."
FILE,DOCS/CAW/M08.5/Z-PROF-D2.md,Z-PROF-D2.md,N/A,Z-PROF — D2-R3,N/A,**,N/A,** Zyppi Constitutional Council **Implementation Authority:**,N/A,Zyppi,IMPLEMENTATION,N/A,N/A,N/A,PROGRAMS-CAW-AMS,DOCS/PROGRAMS/CAW/M08.5/Z-PROF-D2.md,MOVE_TO_TARGET,N/A,MEDIUM,S13B,CAW AMS implementation contract,"File size 27437 bytes, SHA256 83bb95361c9a..."
FILE,DOCS/CAW/M08.5/Z-PROF-D3.md,Z-PROF-D3.md,N/A,Z-PROF-D3 — Alternative Architectures,N/A,** **CLOSED — FINDINGS RATIFIED** **Authority:** Zyppi Constitutional Council **Implementation Authority:** **NONE** **Decision Date:**,N/A,** Zyppi Constitutional Council **Implementation Authority:** **NONE** **Decision Date:**,N/A,Zyppi,IMPLEMENTATION,N/A,N/A,N/A,PROGRAMS-CAW-AMS,DOCS/PROGRAMS/CAW/M08.5/Z-PROF-D3.md,MOVE_TO_TARGET,N/A,MEDIUM,S13B,CAW AMS implementation contract,"File size 24734 bytes, SHA256 e05bc167c600..."
FILE,DOCS/CAW/M08.5/Z-PROF-D4.md,Z-PROF-D4.md,N/A,Z-PROF-D4 — Future Application Stress Tests,N/A,** **CLOSED — FINDINGS RATIFIED** **Authority:** Zyppi Constitutional Council **Implementation Authority:** **NONE** **Depends On:** D1 — Constitutional Fit; D2 — Repository Reality; D3 — Alternative Architectures **Transfers To:** D5 — Profile Composition & Interrogation; Z-PROF-001 **Classification:** Constitutional Investigation / Ratified Findings,** Constitutional Investigation / Ratified Findings,** Zyppi Constitutional Council **Implementation Authority:** **NONE** **Depends On:** D1 — Constitutional Fit; D2 — Repository Reality; D3 — Alternative Architectures **Transfers To:** D5 — Profile Composition & Interrogation; Z-PROF-001 **Classification:** Constitutional Investigation / Ratified Findings,N/A,Zyppi,IMPLEMENTATION,** D1 — Constitutional Fit; D2 — Repository Reality; D3 — Alternative Architectures **Transfers To:** D5 — Profile Composition & Interrogation; Z-PROF-001 **Classification:** Constitutional Investigation / Ratified Findings,N/A,N/A,PROGRAMS-CAW-AMS,DOCS/PROGRAMS/CAW/M08.5/Z-PROF-D4.md,MOVE_TO_TARGET,N/A,MEDIUM,S13B,CAW AMS implementation contract,"File size 25874 bytes, SHA256 4160d2232f0b..."
FILE,DOCS/CAW/M08.5/Z-PROF-D5-R2.md,Z-PROF-D5-R2.md,N/A,Z-PROF-D5 — Profile Composition & Interrogation,N/A,**,N/A,** Zyppi Constitutional Council **Disposition:**,** Z-PROF — Domain Composition Architecture **Dimension:** D5 — Profile Composition & Interrogation **Status:**,Zyppi,IMPLEMENTATION,N/A,N/A,N/A,PROGRAMS-CAW-AMS,DOCS/PROGRAMS/CAW/M08.5/Z-PROF-D5-R2.md,MOVE_TO_TARGET,N/A,MEDIUM,S13B,CAW AMS implementation contract,"File size 33055 bytes, SHA256 c42d7721ccdd..."
FILE,DOCS/CAW/M08.5/Z-PROF-D5-R3.md,Z-PROF-D5-R3.md,N/A,Z-PROF-D5-R3 — Profile Composition Model & Interrogation Algebra,N/A,**,** Constitutional Architecture / Composition Standard,** Zyppi Constitutional Council,N/A,Zyppi,IMPLEMENTATION,N/A,** Prior D5-R3 draft/interrogation-slot formulations,N/A,PROGRAMS-CAW-AMS,DOCS/PROGRAMS/CAW/M08.5/Z-PROF-D5-R3.md,MOVE_TO_TARGET,N/A,MEDIUM,S13B,CAW AMS implementation contract,"File size 32188 bytes, SHA256 555356e0e457..."
FILE,DOCS/CAW/M08.5/Z-PROF-D5-R4-R2.md,Z-PROF-D5-R4-R2.md,N/A,"Z-PROF-D5-R4-R2 — Lifecycle, Version Binding, Trust & Operation Semantics",N/A,** **DRAFT — FINAL TARGETED COUNCIL STRESS-TEST**,N/A,** Zyppi Constitutional Council,N/A,Zyppi,IMPLEMENTATION,N/A,N/A,N/A,PROGRAMS-CAW-AMS,DOCS/PROGRAMS/CAW/M08.5/Z-PROF-D5-R4-R2.md,MOVE_TO_TARGET,N/A,MEDIUM,S13B,CAW AMS implementation contract,"File size 53047 bytes, SHA256 237f1307f5c3..."
FILE,DOCS/CAW/M08.5/Z-PROF-D5-R4-R3.md,Z-PROF-D5-R4-R3.md,N/A,Z-PROF-D5-R4-R3 — FINAL CLOSURE AMENDMENT,N/A,** **RATIFIED — SEMANTICALLY CLOSED**,N/A,** Zyppi Constitutional Council,N/A,Zyppi,IMPLEMENTATION,N/A,N/A,N/A,PROGRAMS-CAW-AMS,DOCS/PROGRAMS/CAW/M08.5/Z-PROF-D5-R4-R3.md,MOVE_TO_TARGET,N/A,MEDIUM,S13B,CAW AMS implementation contract,"File size 15301 bytes, SHA256 5b03312c898d..."
FILE,DOCS/CAW/M08.5/Z-PROF-D5.md,Z-PROF-D5.md,N/A,Z-PROF — D5-R1,N/A,**,N/A,** Zyppi Constitutional Council **Implementation Authority:**,N/A,Zyppi,IMPLEMENTATION,** D1 — Constitutional Fit; D2-R3 — Existing Repository Reality **Feeds:** D3 — Alternative Architectures; D4 — Application Stress Tests,N/A,N/A,PROGRAMS-CAW-AMS,DOCS/PROGRAMS/CAW/M08.5/Z-PROF-D5.md,MOVE_TO_TARGET,N/A,MEDIUM,S13B,CAW AMS implementation contract,"File size 35522 bytes, SHA256 113b67e5e2b1..."
FILE,DOCS/CAW/M08/AMS-0801-CONTEXT-RECEIPT.md,AMS-0801-CONTEXT-RECEIPT.md,N/A,Context Receipt — AMS-0801,N/A,N/A,N/A,N/A,N/A,Zyppi,EVIDENCE,N/A,N/A,N/A,PROGRAMS-CAW-AMS,DOCS/PROGRAMS/CAW/M08/AMS-0801-CONTEXT-RECEIPT.md,MOVE_TO_TARGET,N/A,MEDIUM,S13B,CAW AMS evidence/closure report,"File size 2976 bytes, SHA256 ce2eb2db9da3..."
FILE,DOCS/CAW/M08/AMS-0804-DEFICIENCY-REPORT.md,AMS-0804-DEFICIENCY-REPORT.md,N/A,AMS-0804 — Policy Graph Representation Deficiency Report,string,** **PAUSED — ESCALATED FOR COUNCIL RESOLUTION**,**,"** G-0807 (Policy Evaluation Semantics), G-0813 (Execution Budget Semantics), G-0815 (Policy Version Semantics)",N/A,Zyppi,EVIDENCE,N/A,N/A,N/A,PROGRAMS-CAW-AMS,DOCS/PROGRAMS/CAW/M08/AMS-0804-DEFICIENCY-REPORT.md,MOVE_TO_TARGET,N/A,MEDIUM,S13B,CAW AMS evidence/closure report,"File size 6462 bytes, SHA256 a0ed065a5a1d..."
FILE,DOCS/CAW/M08/AMS-0804-FINAL-VERIFICATION-REPORT.md,AMS-0804-FINAL-VERIFICATION-REPORT.md,N/A,AMS-0804 — Final Implementation Verification Report,N/A,** **CLOSED — VERIFIED & RATIFIED**,N/A,"** AMS-0804 Council Determination; G-0805, G-0807, G-0813, G-0815",N/A,Zyppi,EVIDENCE,N/A,N/A,N/A,PROGRAMS-CAW-AMS,DOCS/PROGRAMS/CAW/M08/AMS-0804-FINAL-VERIFICATION-REPORT.md,MOVE_TO_TARGET,N/A,MEDIUM,S13B,CAW AMS evidence/closure report,"File size 10425 bytes, SHA256 e9b7534af567..."
FILE,DOCS/CAW/M08/AMS-0804-Round-3A-CAW-011-Repository-Evidence-Report.md,AMS-0804-Round-3A-CAW-011-Repository-Evidence-Report.md,N/A,AMS-0804 — Round 3A — CAW-011 Repository Evidence Report,N/A,** BLOCKED — missing/conflicting repository evidence,IMPLEMENTED BEHAVIOR,** NONE,N/A,Zyppi,EVIDENCE,N/A,N/A,N/A,PROGRAMS-CAW-AMS,DOCS/PROGRAMS/CAW/M08/AMS-0804-Round-3A-CAW-011-Repository-Evidence-Report.md,MOVE_TO_TARGET,N/A,MEDIUM,S13B,CAW AMS evidence/closure report,"File size 19740 bytes, SHA256 5f47f4462b30..."
FILE,DOCS/CAW/M08/AMS-0804-TRANSPORT-BOUNDARY-TRACE-REPORT.md,AMS-0804-TRANSPORT-BOUNDARY-TRACE-REPORT.md,N/A,AMS-0804 — Transport Boundary Trace Report,N/A,** **CLOSED — TRACE COMPLETE**,N/A,"** G-0805, G-0807, G-0813, G-0815",N/A,Zyppi,EVIDENCE,N/A,N/A,N/A,PROGRAMS-CAW-AMS,DOCS/PROGRAMS/CAW/M08/AMS-0804-TRANSPORT-BOUNDARY-TRACE-REPORT.md,MOVE_TO_TARGET,N/A,MEDIUM,S13B,CAW AMS evidence/closure report,"File size 18532 bytes, SHA256 57ac6720d37f..."
FILE,DOCS/CAW/M08/AMS-0805-Pipeline-Replay-Evidence-Report.md,AMS-0805-Pipeline-Replay-Evidence-Report.md,N/A,AMS-0805 — Pipeline Replay Evidence Report,N/A,** COMPLETE & VERIFIED,N/A,N/A,N/A,Zyppi,EVIDENCE,N/A,N/A,N/A,PROGRAMS-CAW-AMS,DOCS/PROGRAMS/CAW/M08/AMS-0805-Pipeline-Replay-Evidence-Report.md,MOVE_TO_TARGET,N/A,MEDIUM,S13B,CAW AMS evidence/closure report,"File size 10897 bytes, SHA256 7e632aea5ad8..."
FILE,DOCS/CAW/M08/G-0801.md,G-0801.md,N/A,G-0801 — Temporal Semantics,N/A,N/A,N/A,N/A,N/A,Zyppi,IMPLEMENTATION,N/A,N/A,N/A,PROGRAMS-CAW-AMS,DOCS/PROGRAMS/CAW/M08/G-0801.md,MOVE_TO_TARGET,N/A,MEDIUM,S13B,CAW AMS implementation contract,"File size 19490 bytes, SHA256 92cbf8cac83e..."
FILE,DOCS/CAW/M08/G-0802.md,G-0802.md,N/A,G-0802 — Council Decision Record,N/A,** **CLOSED — WITH FOLLOW-UP AMENDMENTS** **Decision:** **Direction D — Remove or Replace the Field** **Effective:** Upon Council ratification of this record **Implementation Authority:** None granted by this record,N/A,** None granted by this record,N/A,Zyppi,IMPLEMENTATION,N/A,N/A,N/A,PROGRAMS-CAW-AMS,DOCS/PROGRAMS/CAW/M08/G-0802.md,MOVE_TO_TARGET,N/A,MEDIUM,S13B,CAW AMS implementation contract,"File size 16836 bytes, SHA256 9650b7134ce9..."
FILE,DOCS/CAW/M08/G-0803.md,G-0803.md,N/A,G-0803 — Receipt Identity,N/A,N/A,N/A,N/A,N/A,Zyppi,IMPLEMENTATION,N/A,N/A,N/A,PROGRAMS-CAW-AMS,DOCS/PROGRAMS/CAW/M08/G-0803.md,MOVE_TO_TARGET,N/A,MEDIUM,S13B,CAW AMS implementation contract,"File size 15443 bytes, SHA256 03d44a298319..."
FILE,DOCS/CAW/M08/G-0804.md,G-0804.md,N/A,ZYPPI CONSTITUTIONAL COUNCIL,N/A,"** **RATIFIED** **Selected Direction:** **Direction C — Preserve Contract but Classify Fields** **Decision Authority:** Zyppi Constitutional Council **Implementation Authority:** Consequence of ratification only; no independent semantic invention authorized **Date:** August 9, 2026",N/A,"** Zyppi Constitutional Council **Implementation Authority:** Consequence of ratification only; no independent semantic invention authorized **Date:** August 9, 2026",N/A,Zyppi,IMPLEMENTATION,N/A,N/A,N/A,PROGRAMS-CAW-AMS,DOCS/PROGRAMS/CAW/M08/G-0804.md,MOVE_TO_TARGET,N/A,MEDIUM,S13B,CAW AMS implementation contract,"File size 10989 bytes, SHA256 937e34d702c1..."
FILE,DOCS/CAW/M08/G-0805.md,G-0805.md,N/A,G-0805 — Normative Corpus Authority,N/A,N/A,N/A,N/A,N/A,Zyppi,IMPLEMENTATION,N/A,N/A,N/A,PROGRAMS-CAW-AMS,DOCS/PROGRAMS/CAW/M08/G-0805.md,MOVE_TO_TARGET,N/A,MEDIUM,S13B,CAW AMS implementation contract,"File size 17743 bytes, SHA256 3d575e0e96e9..."
FILE,DOCS/CAW/M08/G-0806.md,G-0806.md,N/A,G-0806 — Council Decision Record,N/A,** **RATIFIED** **Decision Class:** Constitutional Semantic Decision **Implementation Authority:** None granted by this record,N/A,** Zyppi Constitutional Council **Status:** **RATIFIED** **Decision Class:** Constitutional Semantic Decision **Implementation Authority:** None granted by this record,N/A,Zyppi,IMPLEMENTATION,N/A,N/A,N/A,PROGRAMS-CAW-AMS,DOCS/PROGRAMS/CAW/M08/G-0806.md,MOVE_TO_TARGET,N/A,MEDIUM,S13B,CAW AMS implementation contract,"File size 15698 bytes, SHA256 cdd010a3299b..."
FILE,DOCS/CAW/M08/G-0807.md,G-0807.md,N/A,G-0807 — Council Decision Record,N/A,** RATIFIED — CLOSED **Decision Date:** 8 August 2026 **Authority:** Zyppi Constitutional Council **Implementation Authority:** NONE GRANTED BY THIS RECORD,N/A,** Zyppi Constitutional Council **Implementation Authority:** NONE GRANTED BY THIS RECORD,N/A,Zyppi,IMPLEMENTATION,N/A,N/A,N/A,PROGRAMS-CAW-AMS,DOCS/PROGRAMS/CAW/M08/G-0807.md,MOVE_TO_TARGET,N/A,MEDIUM,S13B,CAW AMS implementation contract,"File size 15741 bytes, SHA256 1071add5d8c1..."
FILE,DOCS/CAW/M08/G-0808.md,G-0808.md,N/A,G-0808 — Execution Context Sufficiency,N/A,N/A,N/A,N/A,N/A,Zyppi,IMPLEMENTATION,N/A,N/A,N/A,PROGRAMS-CAW-AMS,DOCS/PROGRAMS/CAW/M08/G-0808.md,MOVE_TO_TARGET,N/A,MEDIUM,S13B,CAW AMS implementation contract,"File size 21730 bytes, SHA256 73d09337a7dd..."
FILE,DOCS/CAW/M08/G-0809.md,G-0809.md,N/A,ZYPPI CONSTITUTIONAL COUNCIL,N/A,"** **RATIFIED** **Selected Direction:** **Direction A — JCS + SHA-256** **Decision Authority:** Zyppi Constitutional Council **Implementation Authority:** Consequence of ratification only; no independent semantic invention authorized **Date:** August 9, 2026",N/A,"** Zyppi Constitutional Council **Implementation Authority:** Consequence of ratification only; no independent semantic invention authorized **Date:** August 9, 2026",N/A,Zyppi,IMPLEMENTATION,N/A,N/A,N/A,PROGRAMS-CAW-AMS,DOCS/PROGRAMS/CAW/M08/G-0809.md,MOVE_TO_TARGET,N/A,MEDIUM,S13B,CAW AMS implementation contract,"File size 24233 bytes, SHA256 b6bff02c4ff8..."
FILE,DOCS/CAW/M08/G-0810.md,G-0810.md,N/A,G-0810 — Receipt Persistence Boundary,N/A,** CLOSED — DIRECTION B RATIFIED **Implementation Authority:** NONE **Decision Authority:** Zyppi Constitutional Council,N/A,** NONE **Decision Authority:** Zyppi Constitutional Council,N/A,Zyppi,IMPLEMENTATION,N/A,N/A,N/A,PROGRAMS-CAW-AMS,DOCS/PROGRAMS/CAW/M08/G-0810.md,MOVE_TO_TARGET,N/A,MEDIUM,S13B,CAW AMS implementation contract,"File size 11978 bytes, SHA256 a8758baa7fb3..."
FILE,DOCS/CAW/M08/G-0811.md,G-0811.md,N/A,G-0811 — CAW-011 Dependency Correction,N/A,N/A,N/A,N/A,N/A,Zyppi,IMPLEMENTATION,N/A,N/A,N/A,PROGRAMS-CAW-AMS,DOCS/PROGRAMS/CAW/M08/G-0811.md,MOVE_TO_TARGET,N/A,MEDIUM,S13B,CAW AMS implementation contract,"File size 20775 bytes, SHA256 4fc9f0898014..."
FILE,DOCS/CAW/M08/G-0812.md,G-0812.md,N/A,G-0812 — M04 Pipeline Mapping,N/A,N/A,N/A,N/A,N/A,Zyppi,IMPLEMENTATION,N/A,N/A,N/A,PROGRAMS-CAW-AMS,DOCS/PROGRAMS/CAW/M08/G-0812.md,MOVE_TO_TARGET,N/A,MEDIUM,S13B,CAW AMS implementation contract,"File size 16603 bytes, SHA256 a71188cd2977..."
FILE,DOCS/CAW/M08/G-0813.md,G-0813.md,N/A,G-0813 — Execution Budget Semantics,N/A,**,N/A,**,N/A,Zyppi,IMPLEMENTATION,N/A,N/A,N/A,PROGRAMS-CAW-AMS,DOCS/PROGRAMS/CAW/M08/G-0813.md,MOVE_TO_TARGET,N/A,MEDIUM,S13B,CAW AMS implementation contract,"File size 20882 bytes, SHA256 a864601c8d04..."
FILE,DOCS/CAW/M08/G-0814.md,G-0814.md,N/A,G-0814 — Execution Identity,N/A,N/A,N/A,N/A,N/A,Zyppi,IMPLEMENTATION,N/A,N/A,N/A,PROGRAMS-CAW-AMS,DOCS/PROGRAMS/CAW/M08/G-0814.md,MOVE_TO_TARGET,N/A,MEDIUM,S13B,CAW AMS implementation contract,"File size 11983 bytes, SHA256 ce013eb7842a..."
FILE,DOCS/CAW/M08/G-0815.md,G-0815.md,N/A,G-0815 — Policy Version Semantics,N/A,N/A,N/A,N/A,N/A,Zyppi,IMPLEMENTATION,N/A,N/A,N/A,PROGRAMS-CAW-AMS,DOCS/PROGRAMS/CAW/M08/G-0815.md,MOVE_TO_TARGET,N/A,MEDIUM,S13B,CAW AMS implementation contract,"File size 17430 bytes, SHA256 39fa07c4464f..."
FILE,DOCS/CAW/M08/G-0816.md,G-0816.md,N/A,G-0816 — Canonical Decision Summary,N/A,N/A,N/A,N/A,N/A,Zyppi,IMPLEMENTATION,N/A,N/A,N/A,PROGRAMS-CAW-AMS,DOCS/PROGRAMS/CAW/M08/G-0816.md,MOVE_TO_TARGET,N/A,MEDIUM,S13B,CAW AMS implementation contract,"File size 17390 bytes, SHA256 8017e653ecab..."
FILE,DOCS/CAW/M08/G-0817.md,G-0817.md,N/A,G-0817 — Constitutional Diagnostics,N/A,N/A,N/A,N/A,N/A,Zyppi,IMPLEMENTATION,N/A,N/A,N/A,PROGRAMS-CAW-AMS,DOCS/PROGRAMS/CAW/M08/G-0817.md,MOVE_TO_TARGET,N/A,MEDIUM,S13B,CAW AMS implementation contract,"File size 23181 bytes, SHA256 4b79543c401a..."
FILE,DOCS/CAW/M08/M08-CLOSURE.md,M08-CLOSURE.md,N/A,M08-CLOSURE — Milestone Closure Materialization Record,N/A,** CLOSED WITH DOCUMENTED BLOCKERS,N/A,** Zyppi Constitutional Council,N/A,Zyppi,EVIDENCE,N/A,N/A,N/A,PROGRAMS-CAW-AMS,DOCS/PROGRAMS/CAW/M08/M08-CLOSURE.md,MOVE_TO_TARGET,N/A,MEDIUM,S13B,CAW AMS evidence/closure report,"File size 32481 bytes, SHA256 720d51e6612a..."
FILE,DOCS/CAW/M08/M08-PLAN.md,M08-PLAN.md,N/A,M08-PLAN v1.4 — FINAL,N/A,** FINAL — RATIFICATION CANDIDATE **Authority:** Zyppi Constitutional Council **Implementation Authority:** NONE — delegated only through individually authorized AMS mandates **Supersedes:** M08-PLAN v1.3 **Governing Constitutional Gate Baseline:** G-0801 through G-0817 — CLOSED,N/A,** Zyppi Constitutional Council **Implementation Authority:** NONE — delegated only through individually authorized AMS mandates **Supersedes:** M08-PLAN v1.3 **Governing Constitutional Gate Baseline:** G-0801 through G-0817 — CLOSED,N/A,Zyppi,IMPLEMENTATION,N/A,** M08-PLAN v1.3 **Governing Constitutional Gate Baseline:** G-0801 through G-0817 — CLOSED,N/A,PROGRAMS-CAW-AMS,DOCS/PROGRAMS/CAW/M08/M08-PLAN.md,MOVE_TO_TARGET,N/A,MEDIUM,S13B,CAW milestone prep/plan artifact,"File size 34218 bytes, SHA256 3e4f025b353a..."
FILE,DOCS/CAW/M08/M08-PREP.md,M08-PREP.md,N/A,M08-PREP — Runtime Verification Pipeline,N/A,** PROPOSED — COUNCIL RATIFICATION **Milestone:** M08 — Runtime Verification Pipeline **Phase:** Commerce Atlas Wedge — Phase 2 **Target Artifact:**,N/A,** Zyppi Constitutional Council **Implementation Authority:** NONE **AMS-0801–AMS-0805:** WITHHELD pending applicable Council Gate resolution,N/A,Zyppi,IMPLEMENTATION,N/A,** M08-PREP v1.1 **Authority:** Zyppi Constitutional Council **Implementation Authority:** NONE **AMS-0801–AMS-0805:** WITHHELD pending applicable Council Gate resolution,N/A,PROGRAMS-CAW-AMS,DOCS/PROGRAMS/CAW/M08/M08-PREP.md,MOVE_TO_TARGET,N/A,MEDIUM,S13B,CAW milestone prep/plan artifact,"File size 32079 bytes, SHA256 9daa61ad4778..."
FILE,DOCS/CAW/M08/M08-reconnaissance.md,M08-reconnaissance.md,N/A,M08-RECON — Runtime Verification Pipeline Reconnaissance Report,N/A,** COMPLETE,N/A,** Zyppi Constitutional Council,N/A,Zyppi,IMPLEMENTATION,N/A,N/A,N/A,PROGRAMS-CAW-AMS,DOCS/PROGRAMS/CAW/M08/M08-reconnaissance.md,MOVE_TO_TARGET,N/A,MEDIUM,S13B,CAW AMS implementation contract,"File size 47650 bytes, SHA256 d5bdc408495a..."
FILE,DOCS/CAW/OPEN-001-Open-Constitutional-Questions.md,OPEN-001-Open-Constitutional-Questions.md,N/A,OPEN-001 — Open Constitutional Questions,N/A,"ACTIVE (tracking doc — not constitutional law, not a CEngS/CAW document)**",N/A,N/A,N/A,Zyppi,CANONICAL-ACTIVE,N/A,N/A,N/A,PROGRAMS-CAW-CORE,DOCS/PROGRAMS/CAW/CORE/OPEN-001-Open-Constitutional-Questions.md,MOVE_TO_TARGET,N/A,HIGH,S12,Active CAW Core specification,"File size 4656 bytes, SHA256 72dcaf9a3e87..."
FILE,DOCS/CAW/RR-CAW-011-001.md,RR-CAW-011-001.md,N/A,CAW-011 Reconciliation Review,N/A,** **RATIFIED**,N/A,"** Chair, Zyppi Constitutional Council",N/A,Zyppi,CANONICAL-ACTIVE,N/A,N/A,N/A,PROGRAMS-CAW-CORE,DOCS/PROGRAMS/CAW/CORE/RR-CAW-011-001.md,MOVE_TO_TARGET,N/A,HIGH,S12,Active CAW Core specification,"File size 5495 bytes, SHA256 7d331181f37d..."
FILE,DOCS/CAW/_CAW-000-Navigation-Index.md,_CAW-000-Navigation-Index.md,N/A,CAW-000 — Navigation Index,N/A,ACTIVE · Commerce Atlas Wedge (Phase 2) Execution Series**,N/A,N/A,N/A,Zyppi,SUPERSEDED,N/A,N/A,N/A,PROGRAMS-CAW-CORE,DOCS/PROGRAMS/CAW/CORE/_CAW-000-Navigation-Index.md,MOVE_TO_TARGET,N/A,HIGH,S12,Superseded legacy CAW specification,"File size 3189 bytes, SHA256 2eb6246abeb1..."
FILE,DOCS/CAW/_CAW-002-System-Architecture.md,_CAW-002-System-Architecture.md,N/A,CAW-002 — System Architecture,N/A,ACTIVE**,N/A,N/A,N/A,Zyppi,SUPERSEDED,N/A,N/A,N/A,PROGRAMS-CAW-CORE,DOCS/PROGRAMS/CAW/CORE/_CAW-002-System-Architecture.md,MOVE_TO_TARGET,N/A,HIGH,S12,Superseded legacy CAW specification,"File size 1998 bytes, SHA256 6501bf62959a..."
FILE,DOCS/CAW/_CAW-004-Repository-Map.md,_CAW-004-Repository-Map.md,N/A,CAW-004 — Repository Map,N/A,SUPERSEDED · Lifecycle: INACTIVE**,N/A,CEngS-002 v2.1,N/A,N/A,SUPERSEDED,N/A,N/A,N/A,PROGRAMS-CAW-CORE,DOCS/PROGRAMS/CAW/CORE/_CAW-004-Repository-Map.md,MOVE_TO_TARGET,N/A,HIGH,S12,Superseded legacy CAW specification,"File size 500 bytes, SHA256 af629249402d..."
FILE,DOCS/CEngS-v2/CAW-001.md,CAW-001.md,N/A,Commerce Atlas Wedge Specification (CAW-001),0.1,Draft,Implementation Specification,N/A,N/A,Zyppi,GOVERNANCE,N/A,N/A,N/A,GOVERNANCE-ENGINEERING,DOCS/GOVERNANCE/ENGINEERING/CAW-001.md,MOVE_TO_TARGET,N/A,MEDIUM,S11,CEngS engineering governance material,"File size 17050 bytes, SHA256 cdd23e7b64f8..."
FILE,DOCS/CEngS-v2/CAW-Series-Full-28-7-2026.md,CAW-Series-Full-28-7-2026.md,N/A,CAW-000 — Navigation Index,N/A,ACTIVE · Commerce Atlas Wedge (Phase 2) Execution Series**,N/A,N/A,N/A,Zyppi,GOVERNANCE,N/A,N/A,N/A,GOVERNANCE-ENGINEERING,DOCS/GOVERNANCE/ENGINEERING/CAW-Series-Full-28-7-2026.md,MOVE_TO_TARGET,N/A,MEDIUM,S11,CEngS v2.0 Ratified Engineering Governance Standard,"File size 58422 bytes, SHA256 6c6c2da1f199..."
FILE,DOCS/CEngS-v2/CEngS-000-Navigation-Index.md,CEngS-000-Navigation-Index.md,N/A,CEngS-000 — Engineering Navigation Index,N/A,"RATIFIED · Supersedes CEngS-001–010 (v1.0 Draft), CES-005**",N/A,N/A,N/A,N/A,GOVERNANCE,N/A,N/A,N/A,GOVERNANCE-ENGINEERING,DOCS/GOVERNANCE/ENGINEERING/CEngS-000-Navigation-Index.md,MOVE_TO_TARGET,N/A,MEDIUM,S11,CEngS v2.0 Ratified Engineering Governance Standard,"File size 5912 bytes, SHA256 bf71b140d252..."
FILE,DOCS/CEngS-v2/CEngS-001-Engineering-Constitution.md,CEngS-001-Engineering-Constitution.md,N/A,CEngS-001 — Engineering Constitution,N/A,"RATIFIED · Authority: Constitutional (immutable) · Depends On: ZRM-001, POL-001, SEC-001, RI-001, RI-006**",N/A,"Constitutional (immutable) · Depends On: ZRM-001, POL-001, SEC-001, RI-001, RI-006**",N/A,Zyppi,GOVERNANCE,"ZRM-001, POL-001, SEC-001, RI-001, RI-006**",N/A,N/A,GOVERNANCE-ENGINEERING,DOCS/GOVERNANCE/ENGINEERING/CEngS-001-Engineering-Constitution.md,MOVE_TO_TARGET,N/A,MEDIUM,S11,CEngS v2.0 Ratified Engineering Governance Standard,"File size 6382 bytes, SHA256 387a544eb3d7..."
FILE,DOCS/CEngS-v2/CEngS-002-Engineering-Rules.md,CEngS-002-Engineering-Rules.md,N/A,CEngS-002 — Engineering Rules,N/A,RATIFIED · Authority: Engineering Standard (may evolve) · Depends On: CEngS-001**,N/A,Engineering Standard (may evolve) · Depends On: CEngS-001**,N/A,N/A,GOVERNANCE,CEngS-001**,N/A,N/A,GOVERNANCE-ENGINEERING,DOCS/GOVERNANCE/ENGINEERING/CEngS-002-Engineering-Rules.md,MOVE_TO_TARGET,N/A,MEDIUM,S11,CEngS v2.0 Ratified Engineering Governance Standard,"File size 5226 bytes, SHA256 e257a13658ba..."
FILE,DOCS/CEngS-v2/CEngS-003-AI-Engineering-Mandate.md,CEngS-003-AI-Engineering-Mandate.md,N/A,CEngS-003 — AI Engineering Mandate,N/A,"RATIFIED · Authority: Engineering Standard · Depends On: CEngS-001, CEngS-002**",N/A,"Engineering Standard · Depends On: CEngS-001, CEngS-002**",N/A,N/A,GOVERNANCE,"CEngS-001, CEngS-002**",N/A,N/A,GOVERNANCE-ENGINEERING,DOCS/GOVERNANCE/ENGINEERING/CEngS-003-AI-Engineering-Mandate.md,MOVE_TO_TARGET,N/A,MEDIUM,S11,CEngS v2.0 Ratified Engineering Governance Standard,"File size 6809 bytes, SHA256 6a759bae4c4f..."
FILE,DOCS/CEngS-v2/CEngS-101-Testing-Standard.md,CEngS-101-Testing-Standard.md,N/A,CEngS-101 — Testing & Verification Standard,N/A,"RATIFIED · Authority: Operational Standard · Depends On: CEngS-001, CEngS-002, CEngS-003**",N/A,"Operational Standard · Depends On: CEngS-001, CEngS-002, CEngS-003**",N/A,N/A,GOVERNANCE,"CEngS-001, CEngS-002, CEngS-003**","CES-005 ""Constitutional Testing Standard"" (legacy typo'd prefix — same document)**",N/A,GOVERNANCE-ENGINEERING,DOCS/GOVERNANCE/ENGINEERING/CEngS-101-Testing-Standard.md,MOVE_TO_TARGET,N/A,MEDIUM,S11,CEngS v2.0 Ratified Engineering Governance Standard,"File size 5915 bytes, SHA256 af4b3104c106..."
FILE,DOCS/CEngS-v2/CEngS-102-Review-CI-Release-Standard.md,CEngS-102-Review-CI-Release-Standard.md,N/A,"CEngS-102 — Review, CI/CD & Release Standard",N/A,"RATIFIED · Authority: Operational Standard · Depends On: CEngS-001, CEngS-002, CEngS-003, CEngS-101**",N/A,"Operational Standard · Depends On: CEngS-001, CEngS-002, CEngS-003, CEngS-101**",N/A,N/A,GOVERNANCE,"CEngS-001, CEngS-002, CEngS-003, CEngS-101**",N/A,N/A,GOVERNANCE-ENGINEERING,DOCS/GOVERNANCE/ENGINEERING/CEngS-102-Review-CI-Release-Standard.md,MOVE_TO_TARGET,N/A,MEDIUM,S11,CEngS v2.0 Ratified Engineering Governance Standard,"File size 6036 bytes, SHA256 c8c4a8e7e85d..."
FILE,DOCS/CEngS-v2/CEngS-103-Performance-Standard.md,CEngS-103-Performance-Standard.md,N/A,CEngS-103 — Performance & Benchmark Standard,N/A,"RATIFIED · Authority: Operational Standard · Depends On: CEngS-001, CEngS-101, CEngS-102**",N/A,"Operational Standard · Depends On: CEngS-001, CEngS-101, CEngS-102**",N/A,N/A,GOVERNANCE,"CEngS-001, CEngS-101, CEngS-102**",CEngS-009**,N/A,GOVERNANCE-ENGINEERING,DOCS/GOVERNANCE/ENGINEERING/CEngS-103-Performance-Standard.md,MOVE_TO_TARGET,N/A,MEDIUM,S11,CEngS v2.0 Ratified Engineering Governance Standard,"File size 3561 bytes, SHA256 d539490f550f..."
FILE,DOCS/CEngS-v2/CEngS-104-Observability-Standard.md,CEngS-104-Observability-Standard.md,N/A,CEngS-104 — Observability & Operational Evidence Standard,N/A,"RATIFIED · Authority: Operational Standard · Depends On: CEngS-001, CEngS-101, CEngS-102, CEngS-103**",N/A,"Operational Standard · Depends On: CEngS-001, CEngS-101, CEngS-102, CEngS-103**",N/A,N/A,GOVERNANCE,"CEngS-001, CEngS-101, CEngS-102, CEngS-103**",CEngS-010**,N/A,GOVERNANCE-ENGINEERING,DOCS/GOVERNANCE/ENGINEERING/CEngS-104-Observability-Standard.md,MOVE_TO_TARGET,N/A,MEDIUM,S11,CEngS v2.0 Ratified Engineering Governance Standard,"File size 3658 bytes, SHA256 591ba5a5822e..."
FILE,DOCS/CEngS-v2/CEngS-105-Documentation-Standard-1.md,CEngS-105-Documentation-Standard-1.md,N/A,CEngS-105 — Documentation Standard,N/A,"RATIFIED · Authority: Operational Standard · Depends On: CEngS-001, CEngS-002**",N/A,"Operational Standard · Depends On: CEngS-001, CEngS-002**",N/A,N/A,GOVERNANCE,"CEngS-001, CEngS-002**",documentation clauses previously duplicated across legacy CEngS-001/002/003/004**,N/A,GOVERNANCE-ENGINEERING,DOCS/GOVERNANCE/ENGINEERING/CEngS-105-Documentation-Standard-1.md,MOVE_TO_TARGET,N/A,MEDIUM,S11,CEngS v2.0 Ratified Engineering Governance Standard,"File size 1195 bytes, SHA256 df66efef11d6..."
FILE,DOCS/CEngS-v2/CEngS-105-Documentation-Standard.md,CEngS-105-Documentation-Standard.md,N/A,CEngS-105 — Documentation Standard,N/A,"RATIFIED · Authority: Operational Standard · Depends On: CEngS-001, CEngS-002**",N/A,"Operational Standard · Depends On: CEngS-001, CEngS-002**",N/A,N/A,DUPLICATE,"CEngS-001, CEngS-002**",documentation clauses previously duplicated across legacy CEngS-001/002/003/004**,N/A,DUPLICATE,DOCS/ARCHIVE/DUPLICATES/CEngS-105-Documentation-Standard.md,CONSOLIDATE_OR_DEPRECATE,DOCS/CEngS-v2/CEngS-105-Documentation-Standard-1.md,LOW,S14,Byte-identical SHA256 match with primary DOCS/CEngS-v2/CEngS-105-Documentation-Standard-1.md,"File size 1195 bytes, SHA256 df66efef11d6..."
FILE,DOCS/CEngS-v2/CEngS-v2-full-27-7-2026.md,CEngS-v2-full-27-7-2026.md,N/A,CEngS-000 — Engineering Navigation Index,N/A,"RATIFIED · Supersedes CEngS-001–010 (v1.0 Draft), CES-005**",N/A,N/A,N/A,Zyppi,GOVERNANCE,N/A,N/A,N/A,GOVERNANCE-ENGINEERING,DOCS/GOVERNANCE/ENGINEERING/CEngS-v2-full-27-7-2026.md,MOVE_TO_TARGET,N/A,MEDIUM,S11,CEngS v2.0 Ratified Engineering Governance Standard,"File size 41495 bytes, SHA256 c506752b3d34..."
FILE,DOCS/CEngS-v2/CL-001-AI-PR-Checklist.md,CL-001-AI-PR-Checklist.md,N/A,CL-001 — AI Coding / PR Checklist,N/A,N/A,N/A,N/A,N/A,N/A,GOVERNANCE,N/A,N/A,N/A,GOVERNANCE-ENGINEERING,DOCS/GOVERNANCE/ENGINEERING/CL-001-AI-PR-Checklist.md,MOVE_TO_TARGET,N/A,MEDIUM,S11,CEngS engineering governance material,"File size 1115 bytes, SHA256 6afbe3ffb474..."
FILE,DOCS/CEngS-v2/CL-002-Release-Checklist.md,CL-002-Release-Checklist.md,N/A,CL-002 — Release Checklist,N/A,N/A,N/A,N/A,N/A,N/A,GOVERNANCE,N/A,N/A,N/A,GOVERNANCE-ENGINEERING,DOCS/GOVERNANCE/ENGINEERING/CL-002-Release-Checklist.md,MOVE_TO_TARGET,N/A,MEDIUM,S11,CEngS engineering governance material,"File size 838 bytes, SHA256 631ff3afe2ff..."
FILE,DOCS/Commerce-Atlas/CA-000.md,CA-000.md,N/A,CA-000 — Commerce Atlas Charter & Constitutional Freeze,N/A,** Ratified,** Constitutional Charter,N/A,N/A,Zyppi,CANONICAL-ACTIVE,"** REALITY-001, SIOS Constitution, WS-00A",** None,N/A,CONSTITUTION-COMMERCE-ATLAS,DOCS/CONSTITUTION/06-DOMAIN-CONSTITUTIONS/COMMERCE-ATLAS/CA-000.md,MOVE_TO_TARGET,N/A,HIGH,S11,Ratified Commerce Atlas Charter CA-000,"File size 7601 bytes, SHA256 36990e7bcb15..."
FILE,DOCS/Commerce-Atlas/CA-001-A.md,CA-001-A.md,N/A,CA-001-A — Raw Commerce Observation Summary,N/A,** Draft,N/A,N/A,** Commerce Atlas Validation (CA),N/A,DRAFT,N/A,N/A,N/A,CONSTITUTION-COMMERCE-ATLAS,DOCS/CONSTITUTION/06-DOMAIN-CONSTITUTIONS/COMMERCE-ATLAS/CA-001-A.md,MOVE_TO_TARGET,N/A,HIGH,S11,Commerce Atlas Workshop / Draft Paper,"File size 4801 bytes, SHA256 e5d4a856e749..."
FILE,DOCS/Commerce-Atlas/CA-001-B.md,CA-001-B.md,N/A,CA-001-B — Boundary Observation Summary,N/A,** Workshop Findings Summary,** Constitutional Working Paper,N/A,** Commerce Atlas Validation (CA),N/A,DRAFT,N/A,N/A,N/A,CONSTITUTION-COMMERCE-ATLAS,DOCS/CONSTITUTION/06-DOMAIN-CONSTITUTIONS/COMMERCE-ATLAS/CA-001-B.md,MOVE_TO_TARGET,N/A,HIGH,S11,Commerce Atlas Workshop / Draft Paper,"File size 5228 bytes, SHA256 986b4dc1308a..."
FILE,DOCS/Commerce-Atlas/CA-001-C.md,CA-001-C.md,N/A,CA-001-C — CA-1C Friction & Failure Observation Summary,N/A,** Constitutional Workshop Record,N/A,N/A,N/A,N/A,DRAFT,"** CA-001-A, CA-001-B",N/A,N/A,CONSTITUTION-COMMERCE-ATLAS,DOCS/CONSTITUTION/06-DOMAIN-CONSTITUTIONS/COMMERCE-ATLAS/CA-001-C.md,MOVE_TO_TARGET,N/A,HIGH,S11,Commerce Atlas Workshop / Draft Paper,"File size 5083 bytes, SHA256 bb74fbc8a33e..."
FILE,DOCS/Commerce-Atlas/CA-001-D.md,CA-001-D.md,N/A,CA-001-D — Failure Observation Findings,N/A,** Workshop Summary,N/A,N/A,** Commerce Atlas Validation (CA-001),N/A,DRAFT,N/A,N/A,N/A,CONSTITUTION-COMMERCE-ATLAS,DOCS/CONSTITUTION/06-DOMAIN-CONSTITUTIONS/COMMERCE-ATLAS/CA-001-D.md,MOVE_TO_TARGET,N/A,HIGH,S11,Commerce Atlas Workshop / Draft Paper,"File size 6293 bytes, SHA256 293c49819330..."
FILE,DOCS/Commerce-Atlas/CA-001.md,CA-001.md,N/A,CA-001 — Commerce Discovery Findings,N/A,** Draft for Council Review,** Constitutional Working Paper,N/A,** Commerce Atlas Validation (CA),N/A,DRAFT,N/A,N/A,N/A,CONSTITUTION-COMMERCE-ATLAS,DOCS/CONSTITUTION/06-DOMAIN-CONSTITUTIONS/COMMERCE-ATLAS/CA-001.md,MOVE_TO_TARGET,N/A,HIGH,S11,Commerce Atlas Workshop / Draft Paper,"File size 7704 bytes, SHA256 d10e34724c70..."
FILE,DOCS/Commerce-Atlas/CA-002.md,CA-002.md,N/A,CA-2 — Constitutional Reduction Workshop,N/A,** Draft for Council Review,** Constitutional Working Paper,** Constitutional Validation,** Commerce Atlas (CA),N/A,DRAFT,N/A,N/A,N/A,CONSTITUTION-COMMERCE-ATLAS,DOCS/CONSTITUTION/06-DOMAIN-CONSTITUTIONS/COMMERCE-ATLAS/CA-002.md,MOVE_TO_TARGET,N/A,HIGH,S11,Commerce Atlas Workshop / Draft Paper,"File size 35005 bytes, SHA256 aa1b806a410f..."
FILE,DOCS/Commerce-Atlas/CA-003-v1.md,CA-003-v1.md,N/A,CA-003 — Universal Commerce Atlas,N/A,** Draft for Constitutional Review,** Constitutional Framework,N/A,** Commerce Atlas (CA),Zyppi,DRAFT,N/A,N/A,N/A,CONSTITUTION-COMMERCE-ATLAS,DOCS/CONSTITUTION/06-DOMAIN-CONSTITUTIONS/COMMERCE-ATLAS/CA-003-v1.md,MOVE_TO_TARGET,N/A,HIGH,S11,Commerce Atlas Workshop / Draft Paper,"File size 41640 bytes, SHA256 f60bb1baa232..."
FILE,DOCS/Commerce-Atlas/CA-004.md,CA-004.md,N/A,CA-004 — Reference Standards Mapping Framework,N/A,** Draft for Council Review,** Constitutional Framework,** Constitutional,** Commerce Atlas (CA),Zyppi,DRAFT,N/A,N/A,N/A,CONSTITUTION-COMMERCE-ATLAS,DOCS/CONSTITUTION/06-DOMAIN-CONSTITUTIONS/COMMERCE-ATLAS/CA-004.md,MOVE_TO_TARGET,N/A,HIGH,S11,Commerce Atlas Workshop / Draft Paper,"File size 40957 bytes, SHA256 8d7c21858f98..."
FILE,DOCS/Commerce-Atlas/CA-1.md,CA-1.md,N/A,CA-1 — Commerce Observation Findings,N/A,** Draft for Council Review,N/A,N/A,N/A,N/A,DRAFT,N/A,N/A,N/A,CONSTITUTION-COMMERCE-ATLAS,DOCS/CONSTITUTION/06-DOMAIN-CONSTITUTIONS/COMMERCE-ATLAS/CA-1.md,MOVE_TO_TARGET,N/A,HIGH,S11,Commerce Atlas Workshop / Draft Paper,"File size 8778 bytes, SHA256 750402c04e39..."
FILE,DOCS/Commerce-Atlas/CA-1X.md,CA-1X.md,N/A,CA-1X — Pattern Extraction & Cross-Mission Findings,N/A,** Draft for Council Review,** Constitutional Working Paper,N/A,** Commerce Atlas Validation (CA),N/A,DRAFT,N/A,N/A,N/A,CONSTITUTION-COMMERCE-ATLAS,DOCS/CONSTITUTION/06-DOMAIN-CONSTITUTIONS/COMMERCE-ATLAS/CA-1X.md,MOVE_TO_TARGET,N/A,HIGH,S11,Commerce Atlas Workshop / Draft Paper,"File size 10845 bytes, SHA256 956729c92567..."
FILE,DOCS/M08.5/AMS-0857-ARCH-CLOSURE.md,AMS-0857-ARCH-CLOSURE.md,N/A,AMS-0857-ARCH-CLOSURE,N/A,** **RATIFIED — CLOSED** **Classification:** Architecture Closure **Authority:** Zyppi Constitutional Council **Implementation Authority:** **NONE — until a separate AMS-0857 implementation mandate is issued** **Predecessors:**,** Architecture Closure **Authority:** Zyppi Constitutional Council **Implementation Authority:** **NONE — until a separate AMS-0857 implementation mandate is issued** **Predecessors:**,** Zyppi Constitutional Council **Implementation Authority:** **NONE — until a separate AMS-0857 implementation mandate is issued** **Predecessors:**,N/A,Zyppi,EVIDENCE,N/A,** The Council-review draft of,N/A,PROGRAMS-M08.5,DOCS/PROGRAMS/ZPROF-M08.5/AMS-0857-ARCH-CLOSURE.md,MOVE_TO_TARGET,N/A,HIGH,S08B,M08.5 architecture closure / summary artifact,"File size 29730 bytes, SHA256 b159c1d592e6..."
FILE,DOCS/M08.5/AMS-0857-SUM.md,AMS-0857-SUM.md,N/A,"AMS-0857-SUM — Intelligence, Judgment, Projection & Translation Boundaries",N/A,** **,N/A,** Zyppi Constitutional Council **Implementation Authority:** **,N/A,Zyppi,EVIDENCE,N/A,N/A,N/A,PROGRAMS-M08.5,DOCS/PROGRAMS/ZPROF-M08.5/AMS-0857-SUM.md,MOVE_TO_TARGET,N/A,HIGH,S08B,M08.5 architecture closure / summary artifact,"File size 29432 bytes, SHA256 e9c9b15b5cd1..."
FILE,DOCS/M08.5/CONTRACT-SIOS-ZPROF-001.md,CONTRACT-SIOS-ZPROF-001.md,N/A,CONTRACT-SIOS-ZPROF-001 — SIOS → Z-PROF Consumer Boundary,N/A,**,N/A,** Zyppi Constitutional Council **Implementation Authority:**,N/A,Zyppi,CANONICAL-ACTIVE,N/A,N/A,N/A,PROGRAMS-M08.5,DOCS/PROGRAMS/ZPROF-M08.5/CONTRACT-SIOS-ZPROF-001.md,MOVE_TO_TARGET,N/A,HIGH,S08B,Contract specification for SIOS -> Z-PROF,"File size 28155 bytes, SHA256 b39fd1db4e15..."
FILE,DOCS/ZII/ZII-000-Navigation-Authority-Document-Anatomy-Index.md,ZII-000-Navigation-Authority-Document-Anatomy-Index.md,N/A,"ZII-000 — Navigation, Authority & Document Anatomy Index",N/A,N/A,N/A,N/A,N/A,Zyppi,CANONICAL-ACTIVE,N/A,N/A,N/A,CONSTITUTION-ZII,DOCS/CONSTITUTION/08-INTERFACE-AND-IMPLEMENTATION-CONSTITUTIONS/ZII/ZII-000-Navigation-Authority-Document-Anatomy-Index.md,MOVE_TO_TARGET,N/A,MEDIUM,S10,ZII architecture specification,"File size 38075 bytes, SHA256 56a2c8411b05..."
FILE,DOCS/ZII/ZII-001-Integrated-Architecture-Program-Charter.md,ZII-001-Integrated-Architecture-Program-Charter.md,N/A,ZII-001 — Zyppi Interaction Infrastructure,N/A,N/A,N/A,N/A,N/A,Zyppi,CANONICAL-ACTIVE,N/A,N/A,N/A,CONSTITUTION-ZII,DOCS/CONSTITUTION/08-INTERFACE-AND-IMPLEMENTATION-CONSTITUTIONS/ZII/ZII-001-Integrated-Architecture-Program-Charter.md,MOVE_TO_TARGET,N/A,MEDIUM,S10,ZII architecture specification,"File size 38648 bytes, SHA256 2949b1189e69..."
FILE,DOCS/ZII/ZQE/ZQE-001-QR-Engine-Specification-FQR-1.md,ZQE-001-QR-Engine-Specification-FQR-1.md,N/A,ZQE-001 — QR Engine Specification / FQR-1,N/A,**,N/A,**,N/A,Zyppi,CANONICAL-ACTIVE,**,**,N/A,CONSTITUTION-ZII,DOCS/CONSTITUTION/08-INTERFACE-AND-IMPLEMENTATION-CONSTITUTIONS/ZII/ZQE/ZQE-001-QR-Engine-Specification-FQR-1.md,MOVE_TO_TARGET,N/A,MEDIUM,S10,ZII architecture specification,"File size 34420 bytes, SHA256 590bc61d936c..."
FILE,DOCS/ZII/ZQE/ZQE-M00-CLOSURE.md,ZQE-M00-CLOSURE.md,N/A,ZQE-M00 CLOSURE — Readiness & Finalization Record,N/A,**,N/A,**,N/A,Zyppi,CANONICAL-ACTIVE,N/A,N/A,N/A,CONSTITUTION-ZII,DOCS/CONSTITUTION/08-INTERFACE-AND-IMPLEMENTATION-CONSTITUTIONS/ZII/ZQE/ZQE-M00-CLOSURE.md,MOVE_TO_TARGET,N/A,MEDIUM,S10,Ratified ZII/ZQE implementation constitution or closure,"File size 10790 bytes, SHA256 afd6d3cef938..."
FILE,DOCS/ZII/ZQE/ZQE-PLAN-v0.2-RATIFICATION-RECORD.md,ZQE-PLAN-v0.2-RATIFICATION-RECORD.md,N/A,ZQE-PLAN v0.2 — Ratification Record,N/A,**,N/A,**,N/A,Zyppi,CANONICAL-ACTIVE,N/A,N/A,N/A,CONSTITUTION-ZII,DOCS/CONSTITUTION/08-INTERFACE-AND-IMPLEMENTATION-CONSTITUTIONS/ZII/ZQE/ZQE-PLAN-v0.2-RATIFICATION-RECORD.md,MOVE_TO_TARGET,N/A,MEDIUM,S10,ZII architecture specification,"File size 2392 bytes, SHA256 8e0b0aa2ad23..."
FILE,DOCS/ZII/ZQE/ZQE-PLAN.md,ZQE-PLAN.md,N/A,ZQE-PLAN — First QR Vertical Slice Roadmap,N/A,N/A,N/A,N/A,N/A,Zyppi,CANONICAL-ACTIVE,N/A,N/A,N/A,CONSTITUTION-ZII,DOCS/CONSTITUTION/08-INTERFACE-AND-IMPLEMENTATION-CONSTITUTIONS/ZII/ZQE/ZQE-PLAN.md,MOVE_TO_TARGET,N/A,MEDIUM,S10,ZII architecture specification,"File size 38044 bytes, SHA256 ae0cf29b7852..."
FILE,DOCS/ZII/ZQE/engineering/ZQE-QR-Engineering-Manual.md,ZQE-QR-Engineering-Manual.md,N/A,ZQE QR Engineering Manual v0.4,N/A,** Engineering Companion — Standard-Readiness Corrective,N/A,** This manual is not a substitute for ISO/IEC 18004:2024 and does not independently establish legal or normative conformance. It is a clean-room engineering companion built from public technical material and permissively licensed reference implementations.,N/A,Zyppi,CANONICAL-ACTIVE,N/A,N/A,N/A,CONSTITUTION-ZII,DOCS/CONSTITUTION/08-INTERFACE-AND-IMPLEMENTATION-CONSTITUTIONS/ZII/ZQE/engineering/ZQE-QR-Engineering-Manual.md,MOVE_TO_TARGET,N/A,MEDIUM,S10,ZII architecture specification,"File size 49260 bytes, SHA256 3afdd2edeaf5..."
FILE,DOCS/ZII/ZQE/evidence/ZQE-M00-SRR.md,ZQE-M00-SRR.md,N/A,ZQE-M00-SRR — FQR Standard-Readiness Review,N/A,**,N/A,N/A,N/A,Zyppi,EVIDENCE,N/A,N/A,N/A,CONSTITUTION-ZII,DOCS/CONSTITUTION/08-INTERFACE-AND-IMPLEMENTATION-CONSTITUTIONS/ZII/ZQE/evidence/ZQE-M00-SRR.md,MOVE_TO_TARGET,N/A,MEDIUM,S10,ZII/ZQE closure or evidence record,"File size 14780 bytes, SHA256 dd5f825f77fd..."
FILE,DOCS/ZII/ZQE/evidence/fqr1/payload-b-showcase-metadata.json,payload-b-showcase-metadata.json,N/A,payload-b-showcase-metadata.json,N/A,N/A,N/A,N/A,N/A,N/A,EVIDENCE,N/A,N/A,N/A,CONSTITUTION-ZII,DOCS/CONSTITUTION/08-INTERFACE-AND-IMPLEMENTATION-CONSTITUTIONS/ZII/ZQE/evidence/fqr1/payload-b-showcase-metadata.json,MOVE_TO_TARGET,N/A,MEDIUM,S10,ZII/ZQE closure or evidence record,"File size 402 bytes, SHA256 a77b2b8cacea..."
FILE,DOCS/ZII/ZQE/evidence/fqr1/payload-b-showcase.html,payload-b-showcase.html,N/A,payload-b-showcase.html,N/A,N/A,N/A,N/A,N/A,N/A,EVIDENCE,N/A,N/A,N/A,CONSTITUTION-ZII,DOCS/CONSTITUTION/08-INTERFACE-AND-IMPLEMENTATION-CONSTITUTIONS/ZII/ZQE/evidence/fqr1/payload-b-showcase.html,MOVE_TO_TARGET,N/A,MEDIUM,S10,ZII/ZQE closure or evidence record,"File size 25791 bytes, SHA256 0ef4fd264430..."
FILE,DOCS/ZII/ZQE/evidence/fqr1/payload-b-showcase.svg,payload-b-showcase.svg,N/A,payload-b-showcase.svg,N/A,N/A,N/A,N/A,N/A,N/A,EVIDENCE,N/A,N/A,N/A,CONSTITUTION-ZII,DOCS/CONSTITUTION/08-INTERFACE-AND-IMPLEMENTATION-CONSTITUTIONS/ZII/ZQE/evidence/fqr1/payload-b-showcase.svg,MOVE_TO_TARGET,N/A,MEDIUM,S10,ZII/ZQE closure or evidence record,"File size 17839 bytes, SHA256 dd084fcd09c5..."
FILE,DOCS/ZYPPI-UNFICT-SUCCESSION-DECLARATION-001.md,ZYPPI-UNFICT-SUCCESSION-DECLARATION-001.md,N/A,ZYPPI-UNFICT-SUCCESSION-DECLARATION-001,N/A,** **RATIFIED — FINAL**,** Foundation — Governance · Brand Succession,** Declaration,** **Zyppi**,Transition/Both,CANONICAL-ACTIVE,N/A,N/A,N/A,CONSTITUTION-FOUNDATION,DOCS/CONSTITUTION/01-FOUNDATION/ZYPPI-UNFICT-SUCCESSION-DECLARATION-001.md,MOVE_TO_TARGET,N/A,HIGH,S01,Ratified Foundation brand succession declaration ZUSD-001,"File size 31231 bytes, SHA256 0d55def440db..."
FILE,DOCS/ZyGOV/CONSTITUTION/01-FOUNDATION/DATA-MODEL/DATA_MODEL_v3.md,DATA_MODEL_v3.md,N/A,Zyppi Data Model Bible v3,N/A,N/A,N/A,N/A,N/A,Zyppi,DRAFT,N/A,N/A,N/A,CONSTITUTION-FOUNDATION,DOCS/CONSTITUTION/01-FOUNDATION/DATA_MODEL_v3.md,MOVE_TO_TARGET,N/A,HIGH,S01,ZyGOV Foundation layer constitution,"File size 7256 bytes, SHA256 842aa2037d6b..."
FILE,DOCS/ZyGOV/CONSTITUTION/01-FOUNDATION/EXPRESSION/What-is-Unfict-v5.0.md,What-is-Unfict-v5.0.md,N/A,What is Unfict?,5.0,RATIFIED — CLOSED,N/A,N/A,N/A,Transition/Both,CANONICAL-ACTIVE,N/A,What is Zyppi? v4.0,N/A,CONSTITUTION-FOUNDATION,DOCS/CONSTITUTION/01-FOUNDATION/What-is-Unfict-v5.0.md,MOVE_TO_TARGET,N/A,HIGH,S01,ZyGOV Foundation layer constitution,"File size 32654 bytes, SHA256 0b624fef6e8a..."
FILE,DOCS/ZyGOV/CONSTITUTION/01-FOUNDATION/EXPRESSION/What-is-Zyppi-v4.0.md,What-is-Zyppi-v4.0.md,N/A,What is Zyppi?,4.0,N/A,N/A,N/A,N/A,Zyppi,CANONICAL-ACTIVE,N/A,N/A,N/A,CONSTITUTION-FOUNDATION,DOCS/CONSTITUTION/01-FOUNDATION/What-is-Zyppi-v4.0.md,MOVE_TO_TARGET,N/A,HIGH,S01,ZyGOV Foundation layer constitution,"File size 32074 bytes, SHA256 d345a981bcd0..."
FILE,DOCS/ZyGOV/CONSTITUTION/01-FOUNDATION/EXPRESSION/desktop.ini,desktop.ini,N/A,desktop.ini,N/A,N/A,N/A,N/A,N/A,Zyppi,DRAFT,N/A,N/A,N/A,CONSTITUTION-FOUNDATION,DOCS/CONSTITUTION/01-FOUNDATION/desktop.ini,MOVE_TO_TARGET,N/A,HIGH,S01,ZyGOV Foundation layer constitution,"File size 68 bytes, SHA256 6b4ec6887535..."
FILE,DOCS/ZyGOV/CONSTITUTION/01-FOUNDATION/FOUNDING-PRINCIPLES/FOUNDING-PRINCIPLES-v5.0.md,FOUNDING-PRINCIPLES-v5.0.md,N/A,Zyppi Founding Principles v5.0,N/A,** Draft — Proposed for Ratification,** Foundation,** Principle,N/A,Zyppi,DRAFT,N/A,** Zyppi Founding Principles v4.2,N/A,CONSTITUTION-FOUNDATION,DOCS/CONSTITUTION/01-FOUNDATION/FOUNDING-PRINCIPLES-v5.0.md,MOVE_TO_TARGET,N/A,HIGH,S01,ZyGOV Foundation layer constitution,"File size 7780 bytes, SHA256 cb3b6c293301..."
FILE,DOCS/ZyGOV/CONSTITUTION/01-FOUNDATION/FOUNDING-PRINCIPLES/FOUNDING-PRINCIPLES-v6.0.md,FOUNDING-PRINCIPLES-v6.0.md,N/A,Unfict Founding Principles v6.0,N/A,** Draft — Proposed for Ratification,** Foundation,** Principle,N/A,Transition/Both,CANONICAL-ACTIVE,N/A,** Zyppi Founding Principles v5,N/A,CONSTITUTION-FOUNDATION,DOCS/CONSTITUTION/01-FOUNDATION/FOUNDING-PRINCIPLES-v6.0.md,MOVE_TO_TARGET,N/A,HIGH,S01,ZyGOV Foundation layer constitution,"File size 7914 bytes, SHA256 15c621f18664..."
FILE,DOCS/ZyGOV/CONSTITUTION/01-FOUNDATION/INFORMATION-ARCHITECTURE/Information-Architecture-v2.0.md,Information-Architecture-v2.0.md,N/A,Unfict Information Architecture Bible,N/A,** Living Document,N/A,N/A,N/A,Unfict,DRAFT,N/A,N/A,N/A,CONSTITUTION-FOUNDATION,DOCS/CONSTITUTION/01-FOUNDATION/Information-Architecture-v2.0.md,MOVE_TO_TARGET,N/A,HIGH,S01,ZyGOV Foundation layer constitution,"File size 11255 bytes, SHA256 6f5f3207496a..."
FILE,DOCS/ZyGOV/CONSTITUTION/01-FOUNDATION/INFORMATION-ARCHITECTURE/Information-Architecture.md,Information-Architecture.md,N/A,Zyppi Information Architecture Bible,N/A,** Living Document,N/A,N/A,N/A,Zyppi,DRAFT,N/A,N/A,N/A,CONSTITUTION-FOUNDATION,DOCS/CONSTITUTION/01-FOUNDATION/Information-Architecture.md,MOVE_TO_TARGET,N/A,HIGH,S01,ZyGOV Foundation layer constitution,"File size 11236 bytes, SHA256 c3d5a4017af1..."
FILE,DOCS/ZyGOV/CONSTITUTION/01-FOUNDATION/MARKET-REALITY/MARKET-REALITY-001-v2.0.md,MARKET-REALITY-001-v2.0.md,N/A,MARKET-REALITY-001,N/A,** **DRAFT — PROPOSED FOR RATIFICATION** **Classification:** **Foundation** **Normative Level:** **Principle** **Domain:** Strategy · Market · Commercial Positioning · Economic Discipline **Date:** 14 September 2026 **Locking Authority:** Chair **Amendment Class:** New Foundation **Governing Authority:** NORTH STAR v7.0 **Aligned With:** What is Zyppi? v4.0 — Reality Sync **Philosophical Parent:** Zyppi Founding Principles **Applies To:** Product · Engineering · GTM · Brand · Economics · Partnerships · Investor Communications · Domain Expansion · Strategic Planning,** **Foundation** **Normative Level:** **Principle** **Domain:** Strategy · Market · Commercial Positioning · Economic Discipline **Date:** 14 September 2026 **Locking Authority:** Chair **Amendment Class:** New Foundation **Governing Authority:** NORTH STAR v7.0 **Aligned With:** What is Zyppi? v4.0 — Reality Sync **Philosophical Parent:** Zyppi Founding Principles **Applies To:** Product · Engineering · GTM · Brand · Economics · Partnerships · Investor Communications · Domain Expansion · Strategic Planning,** **Principle** **Domain:** Strategy · Market · Commercial Positioning · Economic Discipline **Date:** 14 September 2026 **Locking Authority:** Chair **Amendment Class:** New Foundation **Governing Authority:** NORTH STAR v7.0 **Aligned With:** What is Zyppi? v4.0 — Reality Sync **Philosophical Parent:** Zyppi Founding Principles **Applies To:** Product · Engineering · GTM · Brand · Economics · Partnerships · Investor Communications · Domain Expansion · Strategic Planning,N/A,Transition/Both,CANONICAL-ACTIVE,N/A,N/A,N/A,CONSTITUTION-FOUNDATION,DOCS/CONSTITUTION/01-FOUNDATION/MARKET-REALITY-001-v2.0.md,MOVE_TO_TARGET,N/A,HIGH,S01,ZyGOV Foundation layer constitution,"File size 39514 bytes, SHA256 67b8532f563d..."
FILE,DOCS/ZyGOV/CONSTITUTION/01-FOUNDATION/MARKET-REALITY/MARKET-REALITY-001.md,MARKET-REALITY-001.md,N/A,MARKET-REALITY-001,N/A,** **DRAFT — PROPOSED FOR RATIFICATION** **Classification:** **Foundation** **Normative Level:** **Principle** **Domain:** Strategy · Market · Commercial Positioning · Economic Discipline **Date:** 27 August 2026 **Locking Authority:** Chair **Amendment Class:** New Foundation **Governing Authority:** NORTH STAR v7.0 **Aligned With:** What is Zyppi? v4.0 — Reality Sync **Philosophical Parent:** Zyppi Founding Principles **Applies To:** Product · Engineering · GTM · Brand · Economics · Partnerships · Investor Communications · Domain Expansion · Strategic Planning,** **Foundation** **Normative Level:** **Principle** **Domain:** Strategy · Market · Commercial Positioning · Economic Discipline **Date:** 27 August 2026 **Locking Authority:** Chair **Amendment Class:** New Foundation **Governing Authority:** NORTH STAR v7.0 **Aligned With:** What is Zyppi? v4.0 — Reality Sync **Philosophical Parent:** Zyppi Founding Principles **Applies To:** Product · Engineering · GTM · Brand · Economics · Partnerships · Investor Communications · Domain Expansion · Strategic Planning,** **Principle** **Domain:** Strategy · Market · Commercial Positioning · Economic Discipline **Date:** 27 August 2026 **Locking Authority:** Chair **Amendment Class:** New Foundation **Governing Authority:** NORTH STAR v7.0 **Aligned With:** What is Zyppi? v4.0 — Reality Sync **Philosophical Parent:** Zyppi Founding Principles **Applies To:** Product · Engineering · GTM · Brand · Economics · Partnerships · Investor Communications · Domain Expansion · Strategic Planning,N/A,Zyppi,CANONICAL-ACTIVE,N/A,N/A,N/A,CONSTITUTION-FOUNDATION,DOCS/CONSTITUTION/01-FOUNDATION/MARKET-REALITY-001.md,MOVE_TO_TARGET,N/A,HIGH,S01,ZyGOV Foundation layer constitution,"File size 39422 bytes, SHA256 1e7b248e7f7f..."
FILE,DOCS/ZyGOV/CONSTITUTION/01-FOUNDATION/MARKET-REALITY/desktop.ini,desktop.ini,N/A,desktop.ini,N/A,N/A,N/A,N/A,N/A,N/A,DRAFT,N/A,N/A,N/A,CONSTITUTION-FOUNDATION,DOCS/CONSTITUTION/01-FOUNDATION/desktop.ini,MOVE_TO_TARGET,N/A,HIGH,S01,ZyGOV Foundation layer constitution,"File size 68 bytes, SHA256 554838205734..."
FILE,DOCS/ZyGOV/CONSTITUTION/01-FOUNDATION/NORTH-STAR/NORTH-STAR-v8.0-UNFICT-RATIFIED.md,NORTH-STAR-v8.0-UNFICT-RATIFIED.md,N/A,NORTH STAR v8.0,N/A,** **RATIFIED — CLOSED** **Ratification Date:** 13 September 2026 **Supersedes:** NORTH STAR v7.0 **Classification:** Foundation **Normative Level:** Vision **Amendment Class:** Brand Succession and Expression **Locking Authority:** Chair,** Foundation **Normative Level:** Vision **Amendment Class:** Brand Succession and Expression **Locking Authority:** Chair,** Vision **Amendment Class:** Brand Succession and Expression **Locking Authority:** Chair,N/A,Unfict,CANONICAL-ACTIVE,N/A,** NORTH STAR v7.0 **Classification:** Foundation **Normative Level:** Vision **Amendment Class:** Brand Succession and Expression **Locking Authority:** Chair,N/A,CONSTITUTION-FOUNDATION,DOCS/CONSTITUTION/01-FOUNDATION/NORTH-STAR-v8.0-UNFICT-RATIFIED.md,MOVE_TO_TARGET,N/A,HIGH,S01,ZyGOV Foundation layer constitution,"File size 12184 bytes, SHA256 65a808b2cb5f..."
FILE,DOCS/ZyGOV/CONSTITUTION/01-FOUNDATION/NORTH-STAR/North-Star-v7.0.md,North-Star-v7.0.md,N/A,NORTH STAR v7.0,N/A,** **RATIFIED — CLOSED** **Ratification Date:** 25 August 2026 **Supersedes:** NORTH STAR v6.0 **Classification:** Foundation **Normative Level:** Vision **Amendment Class:** Clarification and Expression **Locking Authority:** Chair,** Foundation **Normative Level:** Vision **Amendment Class:** Clarification and Expression **Locking Authority:** Chair,** Vision **Amendment Class:** Clarification and Expression **Locking Authority:** Chair,N/A,Zyppi,CANONICAL-ACTIVE,N/A,** NORTH STAR v6.0 **Classification:** Foundation **Normative Level:** Vision **Amendment Class:** Clarification and Expression **Locking Authority:** Chair,N/A,CONSTITUTION-FOUNDATION,DOCS/CONSTITUTION/01-FOUNDATION/North-Star-v7.0.md,MOVE_TO_TARGET,N/A,HIGH,S01,ZyGOV Foundation layer constitution,"File size 12203 bytes, SHA256 995f5d52cb82..."
FILE,DOCS/ZyGOV/CONSTITUTION/01-FOUNDATION/PRD/PRD-v4.1.md,PRD-v4.1.md,N/A,Zyppi Product Requirements Document (PRD),N/A,N/A,N/A,N/A,N/A,Zyppi,DRAFT,N/A,N/A,N/A,CONSTITUTION-FOUNDATION,DOCS/CONSTITUTION/01-FOUNDATION/PRD-v4.1.md,MOVE_TO_TARGET,N/A,HIGH,S01,ZyGOV Foundation layer constitution,"File size 14736 bytes, SHA256 999bbff3750f..."
FILE,DOCS/ZyGOV/CONSTITUTION/01-FOUNDATION/PRD/PRD-v5.0.md,PRD-v5.0.md,N/A,Unfict Product Requirements Document (PRD),N/A,N/A,N/A,N/A,N/A,Transition/Both,DRAFT,N/A,N/A,N/A,CONSTITUTION-FOUNDATION,DOCS/CONSTITUTION/01-FOUNDATION/PRD-v5.0.md,MOVE_TO_TARGET,N/A,HIGH,S01,ZyGOV Foundation layer constitution,"File size 14753 bytes, SHA256 8b9861a61739..."
FILE,DOCS/ZyGOV/CONSTITUTION/01-FOUNDATION/TECH-ARCHITECTURE/TECH-ARCHITECTURE-v4.2.md,TECH-ARCHITECTURE-v4.2.md,N/A,Zyppi Technical Architecture Bible,N/A,N/A,N/A,N/A,N/A,Zyppi,DRAFT,N/A,N/A,N/A,CONSTITUTION-FOUNDATION,DOCS/CONSTITUTION/01-FOUNDATION/TECH-ARCHITECTURE-v4.2.md,MOVE_TO_TARGET,N/A,HIGH,S01,ZyGOV Foundation layer constitution,"File size 26517 bytes, SHA256 bdfb9341d0ee..."
FILE,DOCS/ZyGOV/CONSTITUTION/01-FOUNDATION/TECH-ARCHITECTURE/TECH-ARCHITECTURE-v5.0.md,TECH-ARCHITECTURE-v5.0.md,N/A,Unfict Technical Architecture Bible,N/A,N/A,N/A,N/A,N/A,Transition/Both,DRAFT,N/A,N/A,N/A,CONSTITUTION-FOUNDATION,DOCS/CONSTITUTION/01-FOUNDATION/TECH-ARCHITECTURE-v5.0.md,MOVE_TO_TARGET,N/A,HIGH,S01,ZyGOV Foundation layer constitution,"File size 19014 bytes, SHA256 29e30b798a32..."
FILE,DOCS/ZyGOV/CONSTITUTION/02-REALITY-CONSTITUTION/ZRM/ZRM-000-v1.1.md,ZRM-000-v1.1.md,N/A,ZRM-000,N/A,** Draft — First Stable Version of ZRM v3,N/A,**,N/A,Zyppi,DRAFT,N/A,"** ZRM-000 v1.0; ** ZRM-000 v1.0 **Change Summary:** Version citations updated to North Star v6.0 / Founding Principles v5.0. §3 adds the Parent Non-Binding Rule. §6 corrected: Subject, Object, Place now cite North Star (their actual point of origin) rather than ZRM-001 (which never defined them). §5's Event and Evidence entries now carry an explicit derivation citation to North Star v6.0. No other section altered.",N/A,CONSTITUTION-REALITY,DOCS/CONSTITUTION/02-REALITY-CONSTITUTION/ZRM/ZRM-000-v1.1.md,MOVE_TO_TARGET,N/A,CRITICAL,S02,Reality Model / Constitution ZRM specification,"File size 13116 bytes, SHA256 51bb8a4c6e67..."
FILE,DOCS/ZyGOV/CONSTITUTION/02-REALITY-CONSTITUTION/ZRM/ZRM-001-v2.0.md,ZRM-001-v2.0.md,N/A,ZRM-001 — Constitutional Foundations,N/A,**              Draft — Proposed for Ratification,**      Tier 0A — Constitutional,**           North Star v6.0 → Founding Principles v5.0,N/A,Zyppi,CANONICAL-ACTIVE,N/A,**          ZRM-001 v1.0 (Parts A–D),N/A,CONSTITUTION-REALITY,DOCS/CONSTITUTION/02-REALITY-CONSTITUTION/ZRM/ZRM-001-v2.0.md,MOVE_TO_TARGET,N/A,CRITICAL,S02,Reality Model / Constitution ZRM specification,"File size 24836 bytes, SHA256 a66f2ef748a7..."
FILE,DOCS/ZyGOV/CONSTITUTION/02-REALITY-CONSTITUTION/ZRM/ZRM-002-v1.0.md,ZRM-002-v1.0.md,N/A,ZRM-002 — Core Ontology,N/A,**         Draft — Proposed for Ratification,** Tier 1 — Core Ontology,**      North Star v6.0 → Founding Principles v5.0 → ZRM-000 v1.1 → ZRM-001 v2.0,N/A,Zyppi,CANONICAL-ACTIVE,N/A,"**     ZRM-002A–ZRM-002C (Subject, Object, Place, Event, Evidence, Identity, Relationships, Attributes, Ontology Completeness — previously drafted as nine separate documents with inconsistent status tags)",N/A,CONSTITUTION-REALITY,DOCS/CONSTITUTION/02-REALITY-CONSTITUTION/ZRM/ZRM-002-v1.0.md,MOVE_TO_TARGET,N/A,CRITICAL,S02,Reality Model / Constitution ZRM specification,"File size 40922 bytes, SHA256 ce6f3e9b48cf..."
FILE,DOCS/ZyGOV/CONSTITUTION/02-REALITY-CONSTITUTION/ZRM/ZRM-003A.md,ZRM-003A.md,N/A,ZRM-003A — Mathematical Foundations,N/A,**         Draft — Council Review,** Tier 2 — Mathematical Constitution,"**      Tier 1 (ZRM-000, ZRM-001, ZRM-002)",N/A,Zyppi,CANONICAL-ACTIVE,N/A,N/A,N/A,CONSTITUTION-REALITY,DOCS/CONSTITUTION/02-REALITY-CONSTITUTION/ZRM/ZRM-003A.md,MOVE_TO_TARGET,N/A,CRITICAL,S02,Reality Model / Constitution ZRM specification,"File size 15667 bytes, SHA256 2049645ff974..."
FILE,DOCS/ZyGOV/CONSTITUTION/02-REALITY-CONSTITUTION/ZRM/ZRM-003B.md,ZRM-003B.md,N/A,ZRM-003B — Reality Mathematics,N/A,** Draft — Council Review,** Tier 2 — Mathematical Constitution,"** Tier 1 (ZRM-000, ZRM-001, ZRM-002) + ZRM-003A",N/A,N/A,CANONICAL-ACTIVE,N/A,N/A,N/A,CONSTITUTION-REALITY,DOCS/CONSTITUTION/02-REALITY-CONSTITUTION/ZRM/ZRM-003B.md,MOVE_TO_TARGET,N/A,CRITICAL,S02,Reality Model / Constitution ZRM specification,"File size 16051 bytes, SHA256 af83cefae851..."
FILE,DOCS/ZyGOV/CONSTITUTION/02-REALITY-CONSTITUTION/ZRM/ZRM-004.md,ZRM-004.md,N/A,ZRM-004 — Event & Evidence Mathematics,N/A,**             Draft — Council Review,**     Tier 2 — Mathematical Constitution,"**          Tier 1 (ZRM-000, ZRM-001, ZRM-002) + ZRM-003A + ZRM-003B",N/A,N/A,CANONICAL-ACTIVE,N/A,N/A,N/A,CONSTITUTION-REALITY,DOCS/CONSTITUTION/02-REALITY-CONSTITUTION/ZRM/ZRM-004.md,MOVE_TO_TARGET,N/A,CRITICAL,S02,Reality Model / Constitution ZRM specification,"File size 9489 bytes, SHA256 43364e1b1643..."
FILE,DOCS/ZyGOV/CONSTITUTION/02-REALITY-CONSTITUTION/ZRM/ZRM-005.md,ZRM-005.md,N/A,ZRM-005 — Semantic Projection,N/A,** Draft — Council Review,** Tier 2 — the constitutional bridge from mathematics into meaning; the last document in the series that is still mathematics in nature.,"** Tier 1 (ZRM-000, ZRM-001, ZRM-002) + ZRM-003A + ZRM-003B + ZRM-004",N/A,N/A,CANONICAL-ACTIVE,N/A,N/A,N/A,CONSTITUTION-REALITY,DOCS/CONSTITUTION/02-REALITY-CONSTITUTION/ZRM/ZRM-005.md,MOVE_TO_TARGET,N/A,CRITICAL,S02,Reality Model / Constitution ZRM specification,"File size 13256 bytes, SHA256 cf1c1a0b3a0d..."
FILE,DOCS/ZyGOV/CONSTITUTION/02-REALITY-CONSTITUTION/ZRM/ZRM-006.md,ZRM-006.md,N/A,ZRM-006 — Constitutional Boundaries,N/A,** Draft — Council Review,** Tier 2 — the interface layer between the Reality/Mathematics tiers and everything built on top of them.,"** Tier 1 (ZRM-000, ZRM-001, ZRM-002) + ZRM-003A + ZRM-003B + ZRM-004 + ZRM-005",N/A,N/A,CANONICAL-ACTIVE,N/A,N/A,N/A,CONSTITUTION-REALITY,DOCS/CONSTITUTION/02-REALITY-CONSTITUTION/ZRM/ZRM-006.md,MOVE_TO_TARGET,N/A,CRITICAL,S02,Reality Model / Constitution ZRM specification,"File size 7607 bytes, SHA256 2c89aebce248..."
FILE,DOCS/ZyGOV/CONSTITUTION/02-REALITY-CONSTITUTION/ZRM/ZRM-007.md,ZRM-007.md,N/A,ZRM-007 — Constitutional Governance,N/A,**             Draft — Council Review,"**     Tier 2 — governs how the entire constitutional corpus evolves, is numbered, and is amended.","**          Tier 1 (ZRM-000, ZRM-001, ZRM-002) + all of Tier 2 (ZRM-003A/B, ZRM-004, ZRM-005, ZRM-006)",N/A,N/A,CANONICAL-ACTIVE,N/A,N/A,N/A,CONSTITUTION-REALITY,DOCS/CONSTITUTION/02-REALITY-CONSTITUTION/ZRM/ZRM-007.md,MOVE_TO_TARGET,N/A,CRITICAL,S02,Reality Model / Constitution ZRM specification,"File size 17843 bytes, SHA256 1bd15779c5d1..."
FILE,DOCS/ZyGOV/CONSTITUTION/03-CONSTITUTIONAL-FAMILIES/01-IDENTITY-CL/RTC-ZRM-ID-AMD-001-R2.md,RTC-ZRM-ID-AMD-001-R2.md,N/A,RTC-ZRM-ID-AMD-001-R2,N/A,**,N/A,** Chair — Unfict Constitutional Council,N/A,Transition/Both,CANONICAL-ACTIVE,N/A,N/A,N/A,CONSTITUTION-FAMILIES,DOCS/CONSTITUTION/03-CONSTITUTIONAL-FAMILIES/01-IDENTITY-CL/RTC-ZRM-ID-AMD-001-R2.md,MOVE_TO_TARGET,N/A,CRITICAL,S03,Primary Constitutional Family specification,"File size 15089 bytes, SHA256 7617247b63fa..."
FILE,DOCS/ZyGOV/CONSTITUTION/03-CONSTITUTIONAL-FAMILIES/01-IDENTITY-CL/SR-001-ZRM-ID-AMD-001-UPDATE-v1.1-UNFICT.md,SR-001-ZRM-ID-AMD-001-UPDATE-v1.1-UNFICT.md,N/A,SR-001 — ZRM-ID-AMD-001 Supersession Register Update,N/A,**,N/A,**,N/A,Transition/Both,CANONICAL-ACTIVE,N/A,N/A,N/A,CONSTITUTION-FAMILIES,DOCS/CONSTITUTION/03-CONSTITUTIONAL-FAMILIES/01-IDENTITY-CL/SR-001-ZRM-ID-AMD-001-UPDATE-v1.1-UNFICT.md,MOVE_TO_TARGET,N/A,CRITICAL,S03,Primary Constitutional Family specification,"File size 6829 bytes, SHA256 58f0b00193a4..."
FILE,DOCS/ZyGOV/CONSTITUTION/03-CONSTITUTIONAL-FAMILIES/01-IDENTITY-CL/ZRM-ID-AMD-001-RELEASE-02-UNFICT.md,ZRM-ID-AMD-001-RELEASE-02-UNFICT.md,N/A,ZRM-ID-AMD-001 — Supersession Annotation & Release Manifest,N/A,**,N/A,**,N/A,Transition/Both,CANONICAL-ACTIVE,N/A,N/A,N/A,CONSTITUTION-FAMILIES,DOCS/CONSTITUTION/03-CONSTITUTIONAL-FAMILIES/01-IDENTITY-CL/ZRM-ID-AMD-001-RELEASE-02-UNFICT.md,MOVE_TO_TARGET,N/A,CRITICAL,S03,Primary Constitutional Family specification,"File size 6450 bytes, SHA256 a1dbbe31dd6f..."
FILE,DOCS/ZyGOV/CONSTITUTION/03-CONSTITUTIONAL-FAMILIES/01-IDENTITY-CL/ZRM-ID-AMD-001-SERIES-v1.1-RATIFIED.md,ZRM-ID-AMD-001-SERIES-v1.1-RATIFIED.md,N/A,ZRM-ID-AMD-001 Series — Ratified Unfict Succession Index,N/A,**,N/A,**,**,Transition/Both,CANONICAL-ACTIVE,N/A,N/A,N/A,CONSTITUTION-FAMILIES,DOCS/CONSTITUTION/03-CONSTITUTIONAL-FAMILIES/01-IDENTITY-CL/ZRM-ID-AMD-001-SERIES-v1.1-RATIFIED.md,MOVE_TO_TARGET,N/A,CRITICAL,S03,Primary Constitutional Family specification,"File size 5082 bytes, SHA256 45e2b9fb13c2..."
FILE,DOCS/ZyGOV/CONSTITUTION/03-CONSTITUTIONAL-FAMILIES/01-IDENTITY-CL/ZRM-ID-AMD-001-v1.1-RATIFIED-UNFICT.md,ZRM-ID-AMD-001-v1.1-RATIFIED-UNFICT.md,N/A,ZRM-ID-AMD-001 — Identity Reconciliation Amendment,N/A,**,** Constitutional Amendment,**,N/A,Transition/Both,CANONICAL-ACTIVE,N/A,N/A,N/A,CONSTITUTION-FAMILIES,DOCS/CONSTITUTION/03-CONSTITUTIONAL-FAMILIES/01-IDENTITY-CL/ZRM-ID-AMD-001-v1.1-RATIFIED-UNFICT.md,MOVE_TO_TARGET,N/A,CRITICAL,S03,Primary Constitutional Family specification,"File size 50331 bytes, SHA256 aba42731681a..."
FILE,DOCS/ZyGOV/CONSTITUTION/03-CONSTITUTIONAL-FAMILIES/02-WS/WS-00A.md,WS-00A.md,N/A,WS-00A - Constitutional Closure & Freeze Protocol,N/A,** RATIFIED,N/A,N/A,N/A,N/A,CANONICAL-ACTIVE,N/A,N/A,N/A,CONSTITUTION-FAMILIES,DOCS/CONSTITUTION/03-CONSTITUTIONAL-FAMILIES/02-WS/WS-00A.md,MOVE_TO_TARGET,N/A,CRITICAL,S03,Primary Constitutional Family specification,"File size 26455 bytes, SHA256 d7442a30462a..."
FILE,DOCS/ZyGOV/CONSTITUTION/03-CONSTITUTIONAL-FAMILIES/02-WS/WS-01 CONSTITUTIONAL ONTOLOGY SPECIFICATION.md,WS-01 CONSTITUTIONAL ONTOLOGY SPECIFICATION.md,N/A,WS-01 CONSTITUTIONAL ONTOLOGY SPECIFICATION,N/A,**             LOCKED,N/A,N/A,N/A,Zyppi,DRAFT,N/A,N/A,N/A,CONSTITUTION-FAMILIES,DOCS/CONSTITUTION/03-CONSTITUTIONAL-FAMILIES/02-WS/WS-01 CONSTITUTIONAL ONTOLOGY SPECIFICATION.md,MOVE_TO_TARGET,N/A,CRITICAL,S03,Primary Constitutional Family specification,"File size 11605 bytes, SHA256 078a26f60215..."
FILE,DOCS/ZyGOV/CONSTITUTION/03-CONSTITUTIONAL-FAMILIES/02-WS/WS-01A Amendment A-002.md,WS-01A Amendment A-002.md,N/A,WS-01A Amendment A-002,N/A,N/A,N/A,N/A,N/A,Zyppi,DRAFT,N/A,N/A,N/A,CONSTITUTION-FAMILIES,DOCS/CONSTITUTION/03-CONSTITUTIONAL-FAMILIES/02-WS/WS-01A Amendment A-002.md,MOVE_TO_TARGET,N/A,CRITICAL,S03,Primary Constitutional Family specification,"File size 2048 bytes, SHA256 b7d2d2b50baf..."
FILE,DOCS/ZyGOV/CONSTITUTION/03-CONSTITUTIONAL-FAMILIES/02-WS/WS-01A — CONSTITUTIONAL AMENDMENT A-001.md,WS-01A — CONSTITUTIONAL AMENDMENT A-001.md,N/A,WS-01A — CONSTITUTIONAL AMENDMENT A-001,N/A,**    LOCKED,N/A,N/A,N/A,Zyppi,DRAFT,N/A,** Portions of WS-01 Constitutional Ontology relating to the Intelligence Domain Structure,N/A,CONSTITUTION-FAMILIES,DOCS/CONSTITUTION/03-CONSTITUTIONAL-FAMILIES/02-WS/WS-01A — CONSTITUTIONAL AMENDMENT A-001.md,MOVE_TO_TARGET,N/A,CRITICAL,S03,Primary Constitutional Family specification,"File size 7433 bytes, SHA256 419df7cfebd0..."
FILE,DOCS/ZyGOV/CONSTITUTION/03-CONSTITUTIONAL-FAMILIES/02-WS/WS-02 — Core Entity Registry Specification.md,WS-02 — Core Entity Registry Specification.md,N/A,WS-02 — Core Entity Registry Specification,N/A,| LOCKED                            |,N/A,N/A,N/A,Zyppi,DRAFT,| WS-01 Reality Model Foundation    |,N/A,N/A,CONSTITUTION-FAMILIES,DOCS/CONSTITUTION/03-CONSTITUTIONAL-FAMILIES/02-WS/WS-02 — Core Entity Registry Specification.md,MOVE_TO_TARGET,N/A,CRITICAL,S03,Primary Constitutional Family specification,"File size 10281 bytes, SHA256 67990616d1f2..."
FILE,DOCS/ZyGOV/CONSTITUTION/03-CONSTITUTIONAL-FAMILIES/02-WS/WS-02A.md,WS-02A.md,N/A,WS-02A — MASTER ENTITY REGISTRY BLUEPRINT,N/A,| APPROVED                                                                                         |,N/A,N/A,N/A,Zyppi,DRAFT,N/A,N/A,N/A,CONSTITUTION-FAMILIES,DOCS/CONSTITUTION/03-CONSTITUTIONAL-FAMILIES/02-WS/WS-02A.md,MOVE_TO_TARGET,N/A,CRITICAL,S03,Primary Constitutional Family specification,"File size 14629 bytes, SHA256 116130f8ea77..."
FILE,DOCS/ZyGOV/CONSTITUTION/03-CONSTITUTIONAL-FAMILIES/02-WS/WS-03 Revision 1.md,WS-03 Revision 1.md,N/A,WS-03 Revision 1,N/A,| Ratified Amendment         |,N/A,| WS-03 Constitutional Layer |,N/A,Zyppi,CANONICAL-ACTIVE,N/A,N/A,N/A,CONSTITUTION-FAMILIES,DOCS/CONSTITUTION/03-CONSTITUTIONAL-FAMILIES/02-WS/WS-03 Revision 1.md,MOVE_TO_TARGET,N/A,CRITICAL,S03,Primary Constitutional Family specification,"File size 7909 bytes, SHA256 bdd949633bb9..."
FILE,DOCS/ZyGOV/CONSTITUTION/03-CONSTITUTIONAL-FAMILIES/02-WS/WS-03.md,WS-03.md,N/A,WS-03 Entity Taxonomy & Hierarchy Validation,N/A,| APPROVED     |,N/A,N/A,N/A,Zyppi,CANONICAL-ACTIVE,N/A,N/A,N/A,CONSTITUTION-FAMILIES,DOCS/CONSTITUTION/03-CONSTITUTIONAL-FAMILIES/02-WS/WS-03.md,MOVE_TO_TARGET,N/A,CRITICAL,S03,Primary Constitutional Family specification,"File size 10676 bytes, SHA256 47de537a1345..."
FILE,DOCS/ZyGOV/CONSTITUTION/03-CONSTITUTIONAL-FAMILIES/02-WS/WS-03A.0.md,WS-03A.0.md,N/A,WS-03A.0 — CONSTITUTIONAL CLUSTER MAP,N/A,| RATIFIED                     |,| Constitutional Foundation    |,| Constitutional               |,N/A,Zyppi,CANONICAL-ACTIVE,N/A,N/A,N/A,CONSTITUTION-FAMILIES,DOCS/CONSTITUTION/03-CONSTITUTIONAL-FAMILIES/02-WS/WS-03A.0.md,MOVE_TO_TARGET,N/A,CRITICAL,S03,Primary Constitutional Family specification,"File size 9459 bytes, SHA256 62d1eb21278c..."
FILE,DOCS/ZyGOV/CONSTITUTION/03-CONSTITUTIONAL-FAMILIES/02-WS/WS-03A.1.md,WS-03A.1.md,N/A,WS-03A.1 — CL-11 Event Taxonomy Map,N/A,N/A,N/A,N/A,N/A,Zyppi,DRAFT,N/A,N/A,N/A,CONSTITUTION-FAMILIES,DOCS/CONSTITUTION/03-CONSTITUTIONAL-FAMILIES/02-WS/WS-03A.1.md,MOVE_TO_TARGET,N/A,CRITICAL,S03,Primary Constitutional Family specification,"File size 10199 bytes, SHA256 0546d04b1569..."
FILE,DOCS/ZyGOV/CONSTITUTION/03-CONSTITUTIONAL-FAMILIES/02-WS/WS-03A.2 Revision 1.md,WS-03A.2 Revision 1.md,N/A,WS-03A.2 Revision 1,N/A,| Ratified Draft                                                                          |,| Constitutional Taxonomy Specification                                                   |,N/A,N/A,Zyppi,CANONICAL-ACTIVE,N/A,N/A,N/A,CONSTITUTION-FAMILIES,DOCS/CONSTITUTION/03-CONSTITUTIONAL-FAMILIES/02-WS/WS-03A.2 Revision 1.md,MOVE_TO_TARGET,N/A,CRITICAL,S03,Primary Constitutional Family specification,"File size 10510 bytes, SHA256 c093f88fc8d8..."
FILE,DOCS/ZyGOV/CONSTITUTION/03-CONSTITUTIONAL-FAMILIES/02-WS/WS-03A.2.md,WS-03A.2.md,N/A,WS-03A.2 — Hierarchy Classification Framework,1.0,LOCKED,N/A,N/A,N/A,Zyppi,DRAFT,N/A,N/A,N/A,CONSTITUTION-FAMILIES,DOCS/CONSTITUTION/03-CONSTITUTIONAL-FAMILIES/02-WS/WS-03A.2.md,MOVE_TO_TARGET,N/A,CRITICAL,S03,Primary Constitutional Family specification,"File size 6575 bytes, SHA256 664a179e1320..."
FILE,DOCS/ZyGOV/CONSTITUTION/03-CONSTITUTIONAL-FAMILIES/02-WS/WS-03A.3.md,WS-03A.3.md,N/A,WS-03A.3 — CL-05 Referent Taxonomy Map,N/A,N/A,N/A,N/A,N/A,Zyppi,CANONICAL-ACTIVE,N/A,N/A,N/A,CONSTITUTION-FAMILIES,DOCS/CONSTITUTION/03-CONSTITUTIONAL-FAMILIES/02-WS/WS-03A.3.md,MOVE_TO_TARGET,N/A,CRITICAL,S03,Primary Constitutional Family specification,"File size 8603 bytes, SHA256 1a5ad70acec2..."
FILE,DOCS/ZyGOV/CONSTITUTION/03-CONSTITUTIONAL-FAMILIES/02-WS/WS-03A.4.md,WS-03A.4.md,N/A,WS-03A.4,N/A,N/A,N/A,N/A,N/A,Zyppi,CANONICAL-ACTIVE,N/A,N/A,N/A,CONSTITUTION-FAMILIES,DOCS/CONSTITUTION/03-CONSTITUTIONAL-FAMILIES/02-WS/WS-03A.4.md,MOVE_TO_TARGET,N/A,CRITICAL,S03,Primary Constitutional Family specification,"File size 10827 bytes, SHA256 6ac69a238f97..."
FILE,DOCS/ZyGOV/CONSTITUTION/03-CONSTITUTIONAL-FAMILIES/02-WS/WS-03A.5.md,WS-03A.5.md,N/A,WS-03A.5 — CL-07 Intent Contract Constitutional Governance Frame,1.0,N/A,N/A,N/A,N/A,N/A,CANONICAL-ACTIVE,N/A,N/A,N/A,CONSTITUTION-FAMILIES,DOCS/CONSTITUTION/03-CONSTITUTIONAL-FAMILIES/02-WS/WS-03A.5.md,MOVE_TO_TARGET,N/A,CRITICAL,S03,Primary Constitutional Family specification,"File size 13301 bytes, SHA256 f21f8c4d9acf..."
FILE,DOCS/ZyGOV/CONSTITUTION/03-CONSTITUTIONAL-FAMILIES/02-WS/WS-03A.6.md,WS-03A.6.md,N/A,WS-03A.6 — CL-09 Transaction Taxonomy Map,1.0,🔒 RATIFIED & LOCKED,N/A,N/A,N/A,Zyppi,CANONICAL-ACTIVE,N/A,N/A,N/A,CONSTITUTION-FAMILIES,DOCS/CONSTITUTION/03-CONSTITUTIONAL-FAMILIES/02-WS/WS-03A.6.md,MOVE_TO_TARGET,N/A,CRITICAL,S03,Primary Constitutional Family specification,"File size 11316 bytes, SHA256 da96d954a97f..."
FILE,DOCS/ZyGOV/CONSTITUTION/03-CONSTITUTIONAL-FAMILIES/02-WS/WS-03A.7.md,WS-03A.7.md,N/A,WS-03A.7 — CL-10 Outcome Taxonomy Map,N/A,| 🔒 RATIFIED & LOCKED                                                                                          |,| Constitutional Layer (CL-10)                                                                                  |,N/A,N/A,N/A,CANONICAL-ACTIVE,N/A,N/A,N/A,CONSTITUTION-FAMILIES,DOCS/CONSTITUTION/03-CONSTITUTIONAL-FAMILIES/02-WS/WS-03A.7.md,MOVE_TO_TARGET,N/A,CRITICAL,S03,Primary Constitutional Family specification,"File size 13096 bytes, SHA256 9aa56baf4f12..."
FILE,DOCS/ZyGOV/CONSTITUTION/03-CONSTITUTIONAL-FAMILIES/02-WS/WS-03A.8.md,WS-03A.8.md,N/A,WS-03A.8 — CL-11 Event Taxonomy Map,N/A,| 🔒 RATIFIED & LOCKED                                                                                                                    |,| Constitutional Layer (CL-11)                                                                                                            |,N/A,N/A,Zyppi,CANONICAL-ACTIVE,N/A,N/A,N/A,CONSTITUTION-FAMILIES,DOCS/CONSTITUTION/03-CONSTITUTIONAL-FAMILIES/02-WS/WS-03A.8.md,MOVE_TO_TARGET,N/A,CRITICAL,S03,Primary Constitutional Family specification,"File size 13021 bytes, SHA256 3e9bdb8d0a7e..."
FILE,DOCS/ZyGOV/CONSTITUTION/03-CONSTITUTIONAL-FAMILIES/02-WS/WS-03A.9.md,WS-03A.9.md,N/A,1. Purpose,N/A,N/A,N/A,| Constitutional Core                                                                                                                       |,N/A,N/A,CANONICAL-ACTIVE,N/A,N/A,N/A,CONSTITUTION-FAMILIES,DOCS/CONSTITUTION/03-CONSTITUTIONAL-FAMILIES/02-WS/WS-03A.9.md,MOVE_TO_TARGET,N/A,CRITICAL,S03,Primary Constitutional Family specification,"File size 10405 bytes, SHA256 1e11acc6420e..."
FILE,DOCS/ZyGOV/CONSTITUTION/03-CONSTITUTIONAL-FAMILIES/02-WS/WS-03C.md,WS-03C.md,N/A,WS-03C — Cross-Cluster Relationship Matrix Constitution,N/A,|RATIFIED,|Constitutional Architecture,N/A,N/A,N/A,CANONICAL-ACTIVE,"| WS-03A.0 Cluster Architecture, WS-03A.2 Hierarchy Classification Framework, WS-03B Parent Assignment Matrix, WS-04A Relationship Governance Foundation",N/A,N/A,CONSTITUTION-FAMILIES,DOCS/CONSTITUTION/03-CONSTITUTIONAL-FAMILIES/02-WS/WS-03C.md,MOVE_TO_TARGET,N/A,CRITICAL,S03,Primary Constitutional Family specification,"File size 7438 bytes, SHA256 205d64f0bd05..."
FILE,DOCS/ZyGOV/CONSTITUTION/03-CONSTITUTIONAL-FAMILIES/02-WS/WS-03D.md,WS-03D.md,N/A,WS-03D Amendment — Authority Anchor Model,N/A,N/A,N/A,N/A,N/A,N/A,CANONICAL-ACTIVE,N/A,N/A,N/A,CONSTITUTION-FAMILIES,DOCS/CONSTITUTION/03-CONSTITUTIONAL-FAMILIES/02-WS/WS-03D.md,MOVE_TO_TARGET,N/A,CRITICAL,S03,Primary Constitutional Family specification,"File size 7467 bytes, SHA256 999d737e6c17..."
FILE,DOCS/ZyGOV/CONSTITUTION/03-CONSTITUTIONAL-FAMILIES/02-WS/WS-03F.md,WS-03F.md,N/A,WS-03F — Registry Population Hardening Amendment Package,N/A,| RATIFIED                                                                                                        |,N/A,N/A,N/A,Zyppi,CANONICAL-ACTIVE,N/A,N/A,N/A,CONSTITUTION-FAMILIES,DOCS/CONSTITUTION/03-CONSTITUTIONAL-FAMILIES/02-WS/WS-03F.md,MOVE_TO_TARGET,N/A,CRITICAL,S03,Primary Constitutional Family specification,"File size 10496 bytes, SHA256 db35fb5ff94a..."
FILE,DOCS/ZyGOV/CONSTITUTION/03-CONSTITUTIONAL-FAMILIES/02-WS/WS-04A.1.md,WS-04A.1.md,N/A,WS-04A.1,N/A,N/A,N/A,N/A,N/A,Zyppi,CANONICAL-ACTIVE,N/A,N/A,N/A,CONSTITUTION-FAMILIES,DOCS/CONSTITUTION/03-CONSTITUTIONAL-FAMILIES/02-WS/WS-04A.1.md,MOVE_TO_TARGET,N/A,CRITICAL,S03,Primary Constitutional Family specification,"File size 7521 bytes, SHA256 2c47ce9f5e93..."
FILE,DOCS/ZyGOV/CONSTITUTION/03-CONSTITUTIONAL-FAMILIES/02-WS/WS-04B.md,WS-04B.md,N/A,WS-04B — Relationship Registry Architecture,N/A,| RATIFIED & LOCKED                              |,| Constitutional Architecture                    |,N/A,N/A,Zyppi,CANONICAL-ACTIVE,N/A,N/A,N/A,CONSTITUTION-FAMILIES,DOCS/CONSTITUTION/03-CONSTITUTIONAL-FAMILIES/02-WS/WS-04B.md,MOVE_TO_TARGET,N/A,CRITICAL,S03,Primary Constitutional Family specification,"File size 8111 bytes, SHA256 a7b4da70c531..."
FILE,DOCS/ZyGOV/CONSTITUTION/03-CONSTITUTIONAL-FAMILIES/02-WS/WS-05A.md,WS-05A.md,N/A,WS-05A — Master Registry Population Charter,N/A,**         RATIFIED,N/A,N/A,N/A,Zyppi,CANONICAL-ACTIVE,N/A,N/A,N/A,CONSTITUTION-FAMILIES,DOCS/CONSTITUTION/03-CONSTITUTIONAL-FAMILIES/02-WS/WS-05A.md,MOVE_TO_TARGET,N/A,CRITICAL,S03,Primary Constitutional Family specification,"File size 13021 bytes, SHA256 93391243fc0a..."
FILE,DOCS/ZyGOV/CONSTITUTION/03-CONSTITUTIONAL-FAMILIES/02-WS/WS-05B.md,WS-05B.md,N/A,WS-05B — Master Registry Population Plan,N/A,| RATIFIED                      |,N/A,N/A,N/A,Zyppi,CANONICAL-ACTIVE,N/A,N/A,N/A,CONSTITUTION-FAMILIES,DOCS/CONSTITUTION/03-CONSTITUTIONAL-FAMILIES/02-WS/WS-05B.md,MOVE_TO_TARGET,N/A,CRITICAL,S03,Primary Constitutional Family specification,"File size 10348 bytes, SHA256 8a217543b158..."
FILE,DOCS/ZyGOV/CONSTITUTION/03-CONSTITUTIONAL-FAMILIES/02-WS/WS-05C.md,WS-05C.md,N/A,WS-05C — Cluster Admission Rules,N/A,| ✅ RATIFIED                     |,N/A,N/A,N/A,N/A,CANONICAL-ACTIVE,N/A,N/A,N/A,CONSTITUTION-FAMILIES,DOCS/CONSTITUTION/03-CONSTITUTIONAL-FAMILIES/02-WS/WS-05C.md,MOVE_TO_TARGET,N/A,CRITICAL,S03,Primary Constitutional Family specification,"File size 7441 bytes, SHA256 fbe5803b089e..."
FILE,DOCS/ZyGOV/CONSTITUTION/03-CONSTITUTIONAL-FAMILIES/02-WS/WS-05D.md,WS-05D.md,N/A,WS-05D — Population Validation & Tooling,N/A,| ✅ RATIFIED                                                                                                             |,N/A,N/A,N/A,N/A,CANONICAL-ACTIVE,N/A,N/A,N/A,CONSTITUTION-FAMILIES,DOCS/CONSTITUTION/03-CONSTITUTIONAL-FAMILIES/02-WS/WS-05D.md,MOVE_TO_TARGET,N/A,CRITICAL,S03,Primary Constitutional Family specification,"File size 10534 bytes, SHA256 d57dac880216..."
FILE,DOCS/ZyGOV/CONSTITUTION/03-CONSTITUTIONAL-FAMILIES/02-WS/WS-05E.md,WS-05E.md,N/A,WS-05E — Certification & Authorization,N/A,**        | RATIFIED                                                            |,N/A,N/A,N/A,N/A,CANONICAL-ACTIVE,N/A,N/A,N/A,CONSTITUTION-FAMILIES,DOCS/CONSTITUTION/03-CONSTITUTIONAL-FAMILIES/02-WS/WS-05E.md,MOVE_TO_TARGET,N/A,CRITICAL,S03,Primary Constitutional Family specification,"File size 8771 bytes, SHA256 5e008389cdd0..."
FILE,DOCS/ZyGOV/CONSTITUTION/03-CONSTITUTIONAL-FAMILIES/02-WS/desktop.ini,desktop.ini,N/A,desktop.ini,N/A,N/A,N/A,N/A,N/A,N/A,DRAFT,N/A,N/A,N/A,CONSTITUTION-FAMILIES,DOCS/CONSTITUTION/03-CONSTITUTIONAL-FAMILIES/02-WS/desktop.ini,MOVE_TO_TARGET,N/A,CRITICAL,S03,Primary Constitutional Family specification,"File size 974 bytes, SHA256 5749a22936b2..."
FILE,DOCS/ZyGOV/CONSTITUTION/03-CONSTITUTIONAL-FAMILIES/04-POL/POL-001.A.md,POL-001.A.md,N/A,POL-001.A — Policy Foundations,N/A,**         Constitutional Draft,N/A,N/A,N/A,Zyppi,DRAFT,"**   CL Series, WS-03D **Extended By:** POL-001.B through POL-001.F",N/A,N/A,CONSTITUTION-FAMILIES,DOCS/CONSTITUTION/03-CONSTITUTIONAL-FAMILIES/04-POL/POL-001.A.md,MOVE_TO_TARGET,N/A,CRITICAL,S03,Primary Constitutional Family specification,"File size 7010 bytes, SHA256 230a263c191f..."
FILE,DOCS/ZyGOV/CONSTITUTION/03-CONSTITUTIONAL-FAMILIES/04-POL/POL-001.B.md,POL-001.B.md,N/A,POL-001.B — Authority & Delegation,N/A,**     | Constitutional Draft                       |,N/A,N/A,N/A,N/A,DRAFT,N/A,N/A,N/A,CONSTITUTION-FAMILIES,DOCS/CONSTITUTION/03-CONSTITUTIONAL-FAMILIES/04-POL/POL-001.B.md,MOVE_TO_TARGET,N/A,CRITICAL,S03,Primary Constitutional Family specification,"File size 6852 bytes, SHA256 7ad4e89e89fc..."
FILE,DOCS/ZyGOV/CONSTITUTION/03-CONSTITUTIONAL-FAMILIES/04-POL/POL-001.C.md,POL-001.C.md,N/A,POL-001.C — Authorization & Constitutional Decisioning,N/A,**     | Constitutional Draft                       |,N/A,N/A,N/A,N/A,DRAFT,N/A,N/A,N/A,CONSTITUTION-FAMILIES,DOCS/CONSTITUTION/03-CONSTITUTIONAL-FAMILIES/04-POL/POL-001.C.md,MOVE_TO_TARGET,N/A,CRITICAL,S03,Primary Constitutional Family specification,"File size 5779 bytes, SHA256 2f1a3e9815e6..."
FILE,DOCS/ZyGOV/CONSTITUTION/03-CONSTITUTIONAL-FAMILIES/04-POL/POL-001.D.md,POL-001.D.md,N/A,POL-001.D — Policy Lifecycle & Temporal Governance,N/A,**     | Constitutional Draft                          |,N/A,N/A,N/A,N/A,DRAFT,N/A,N/A,N/A,CONSTITUTION-FAMILIES,DOCS/CONSTITUTION/03-CONSTITUTIONAL-FAMILIES/04-POL/POL-001.D.md,MOVE_TO_TARGET,N/A,CRITICAL,S03,Primary Constitutional Family specification,"File size 5883 bytes, SHA256 361032e9ed87..."
FILE,DOCS/ZyGOV/CONSTITUTION/03-CONSTITUTIONAL-FAMILIES/04-POL/POL-001.E.md,POL-001.E.md,N/A,"POL-001.E — Federation, Emergency & Constitutional Governance",N/A,**     | Constitutional Draft                       |,N/A,N/A,N/A,N/A,DRAFT,N/A,N/A,N/A,CONSTITUTION-FAMILIES,DOCS/CONSTITUTION/03-CONSTITUTIONAL-FAMILIES/04-POL/POL-001.E.md,MOVE_TO_TARGET,N/A,CRITICAL,S03,Primary Constitutional Family specification,"File size 5605 bytes, SHA256 5db22ae38da8..."
FILE,DOCS/ZyGOV/CONSTITUTION/03-CONSTITUTIONAL-FAMILIES/04-POL/desktop.ini,desktop.ini,N/A,desktop.ini,N/A,N/A,N/A,N/A,N/A,N/A,DRAFT,N/A,N/A,N/A,CONSTITUTION-FAMILIES,DOCS/CONSTITUTION/03-CONSTITUTIONAL-FAMILIES/04-POL/desktop.ini,MOVE_TO_TARGET,N/A,CRITICAL,S03,Primary Constitutional Family specification,"File size 166 bytes, SHA256 eb4b8d8db987..."
FILE,DOCS/ZyGOV/CONSTITUTION/03-CONSTITUTIONAL-FAMILIES/05-SEC/SEC-001.md,SEC-001.md,N/A,SEC-001,N/A,** Draft for Constitutional Ratification,N/A,N/A,N/A,Zyppi,CANONICAL-ACTIVE,N/A,N/A,N/A,CONSTITUTION-FAMILIES,DOCS/CONSTITUTION/03-CONSTITUTIONAL-FAMILIES/05-SEC/SEC-001.md,MOVE_TO_TARGET,N/A,CRITICAL,S03,Primary Constitutional Family specification,"File size 53153 bytes, SHA256 ef7ff2a28de8..."
FILE,DOCS/ZyGOV/CONSTITUTION/03-CONSTITUTIONAL-FAMILIES/05-SEC/SEC-A-001.md,SEC-A-001.md,N/A,SEC-001 Amendment No. 1,N/A,N/A,N/A,N/A,N/A,N/A,CANONICAL-ACTIVE,N/A,N/A,N/A,CONSTITUTION-FAMILIES,DOCS/CONSTITUTION/03-CONSTITUTIONAL-FAMILIES/05-SEC/SEC-A-001.md,MOVE_TO_TARGET,N/A,CRITICAL,S03,Primary Constitutional Family specification,"File size 5121 bytes, SHA256 0c6b66a74e45..."
FILE,DOCS/ZyGOV/CONSTITUTION/03-CONSTITUTIONAL-FAMILIES/06-RSN/RSN-001-V2.0.md,RSN-001-V2.0.md,N/A,RSN-001 — Universal Reasoning Constitution,2.0,N/A,N/A,N/A,N/A,Zyppi,DRAFT,N/A,N/A,N/A,CONSTITUTION-FAMILIES,DOCS/CONSTITUTION/03-CONSTITUTIONAL-FAMILIES/06-RSN/RSN-001-V2.0.md,MOVE_TO_TARGET,N/A,CRITICAL,S03,Primary Constitutional Family specification,"File size 6413 bytes, SHA256 dfb766cf5937..."
FILE,DOCS/ZyGOV/CONSTITUTION/03-CONSTITUTIONAL-FAMILIES/06-RSN/RSN-001.md,RSN-001.md,N/A,RSN-001 — Reasoning Constitution,1.0,** RATIFIED,** Constitutional Domain,** Zyppi Constitutional Architecture,N/A,Zyppi,CANONICAL-ACTIVE,N/A,N/A,N/A,CONSTITUTION-FAMILIES,DOCS/CONSTITUTION/03-CONSTITUTIONAL-FAMILIES/06-RSN/RSN-001.md,MOVE_TO_TARGET,N/A,CRITICAL,S03,Primary Constitutional Family specification,"File size 8051 bytes, SHA256 309a2582ed93..."
FILE,DOCS/ZyGOV/CONSTITUTION/03-CONSTITUTIONAL-FAMILIES/06-RSN/RSN-002.md,RSN-002.md,N/A,RSN-002 — Methodology Registry Constitution,1.0,N/A,N/A,N/A,N/A,Zyppi,DRAFT,**,N/A,N/A,CONSTITUTION-FAMILIES,DOCS/CONSTITUTION/03-CONSTITUTIONAL-FAMILIES/06-RSN/RSN-002.md,MOVE_TO_TARGET,N/A,CRITICAL,S03,Primary Constitutional Family specification,"File size 7672 bytes, SHA256 c21aab1cf64b..."
FILE,DOCS/ZyGOV/CONSTITUTION/03-CONSTITUTIONAL-FAMILIES/06-RSN/RSN-003.md,RSN-003.md,N/A,RSN-003 Constitutional Resolution (CR-001),1.0,N/A,N/A,N/A,N/A,Zyppi,CANONICAL-ACTIVE,N/A,N/A,N/A,CONSTITUTION-FAMILIES,DOCS/CONSTITUTION/03-CONSTITUTIONAL-FAMILIES/06-RSN/RSN-003.md,MOVE_TO_TARGET,N/A,CRITICAL,S03,Primary Constitutional Family specification,"File size 6217 bytes, SHA256 23fedeba5ed1..."
FILE,DOCS/ZyGOV/CONSTITUTION/03-CONSTITUTIONAL-FAMILIES/07-SIOS/BRAND-001.md,BRAND-001.md,N/A,BRAND-001 — Constitutional Brand Framework,N/A,**     | Ratified                                                                                                                                                                                       |,N/A,N/A,N/A,N/A,CANONICAL-ACTIVE,"** | NORTH-STAR.md, FOUNDING-PRINCIPLES.md, CONSTITUTION-001.md, REALITY-001.md, FORCES-001.md, SYSTEMS-001.md, FRICTION-001.md, OPPORTUNITY-001.md, CATEGORY-001.md, BUYER-001.md, LANGUAGE-001.md |",N/A,N/A,CONSTITUTION-FAMILIES,DOCS/CONSTITUTION/03-CONSTITUTIONAL-FAMILIES/07-SIOS/BRAND-001.md,MOVE_TO_TARGET,N/A,CRITICAL,S03,Primary Constitutional Family specification,"File size 11819 bytes, SHA256 9d04ce4c7a1d..."
FILE,DOCS/ZyGOV/CONSTITUTION/03-CONSTITUTIONAL-FAMILIES/07-SIOS/BUYER-001.md,BUYER-001.md,N/A,BUYER-001 — Constitutional Framework for Decision Authority,N/A,**     | Ratified                                                                                                                             |,N/A,N/A,N/A,Zyppi,CANONICAL-ACTIVE,"** | NORTH_STAR, FOUNDING_PRINCIPLES, CONSTITUTION-001, REALITY-001, FORCES-001, SYSTEMS-001, FRICTION-001, OPPORTUNITY-001, CATEGORY-001 |",N/A,N/A,CONSTITUTION-FAMILIES,DOCS/CONSTITUTION/03-CONSTITUTIONAL-FAMILIES/07-SIOS/BUYER-001.md,MOVE_TO_TARGET,N/A,CRITICAL,S03,Primary Constitutional Family specification,"File size 15777 bytes, SHA256 848cb362823c..."
FILE,DOCS/ZyGOV/CONSTITUTION/03-CONSTITUTIONAL-FAMILIES/07-SIOS/CATEGORY-001.md,CATEGORY-001.md,N/A,CATEGORY-001 — Category Constitutional Framework,N/A,**         | Ratified                                                                                                               |,** | Constitutional Framework                                                                                               |,N/A,N/A,Zyppi,CANONICAL-ACTIVE,"**     | NORTH_STAR, FOUNDING_PRINCIPLES, CONSTITUTION-001, REALITY-001, FORCES-001, SYSTEMS-001, FRICTION-001, OPPORTUNITY-001 |",N/A,N/A,CONSTITUTION-FAMILIES,DOCS/CONSTITUTION/03-CONSTITUTIONAL-FAMILIES/07-SIOS/CATEGORY-001.md,MOVE_TO_TARGET,N/A,CRITICAL,S03,Primary Constitutional Family specification,"File size 15432 bytes, SHA256 929e748913d8..."
FILE,DOCS/ZyGOV/CONSTITUTION/03-CONSTITUTIONAL-FAMILIES/07-SIOS/CONSTITUTION-001.md,CONSTITUTION-001.md,N/A,CONSTITUTION-001 — SIOS Constitution,N/A,**         | Ratified                            |,** | Constitutional Document (Immutable) |,N/A,N/A,Zyppi,CANONICAL-ACTIVE,N/A,N/A,N/A,CONSTITUTION-FAMILIES,DOCS/CONSTITUTION/03-CONSTITUTIONAL-FAMILIES/07-SIOS/CONSTITUTION-001.md,MOVE_TO_TARGET,N/A,CRITICAL,S03,Primary Constitutional Family specification,"File size 14252 bytes, SHA256 09dc188363b7..."
FILE,DOCS/ZyGOV/CONSTITUTION/03-CONSTITUTIONAL-FAMILIES/07-SIOS/ECOSYSTEM-001.md,ECOSYSTEM-001.md,N/A,ECOSYSTEM-001.md,N/A,** Foundational,** Framework Document,N/A,N/A,Zyppi,DRAFT,N/A,N/A,N/A,CONSTITUTION-FAMILIES,DOCS/CONSTITUTION/03-CONSTITUTIONAL-FAMILIES/07-SIOS/ECOSYSTEM-001.md,MOVE_TO_TARGET,N/A,CRITICAL,S03,Primary Constitutional Family specification,"File size 9295 bytes, SHA256 1625d92c56a5..."
FILE,DOCS/ZyGOV/CONSTITUTION/03-CONSTITUTIONAL-FAMILIES/07-SIOS/FORCES-001.md,FORCES-001.md,N/A,FORCES-001.md,N/A,**         | Ratified               |,** | Foundational Framework |,N/A,N/A,Zyppi,CANONICAL-ACTIVE,N/A,N/A,N/A,CONSTITUTION-FAMILIES,DOCS/CONSTITUTION/03-CONSTITUTIONAL-FAMILIES/07-SIOS/FORCES-001.md,MOVE_TO_TARGET,N/A,CRITICAL,S03,Primary Constitutional Family specification,"File size 13342 bytes, SHA256 94f9b34b2d0a..."
FILE,DOCS/ZyGOV/CONSTITUTION/03-CONSTITUTIONAL-FAMILIES/07-SIOS/FRICTION-001.md,FRICTION-001.md,N/A,FRICTION-001,N/A,**      | Ratified Framework |,N/A,N/A,N/A,Zyppi,CANONICAL-ACTIVE,N/A,N/A,N/A,CONSTITUTION-FAMILIES,DOCS/CONSTITUTION/03-CONSTITUTIONAL-FAMILIES/07-SIOS/FRICTION-001.md,MOVE_TO_TARGET,N/A,CRITICAL,S03,Primary Constitutional Family specification,"File size 9693 bytes, SHA256 a30a1a707773..."
FILE,DOCS/ZyGOV/CONSTITUTION/03-CONSTITUTIONAL-FAMILIES/07-SIOS/GTM-001.md,GTM-001.md,N/A,GTM-001 — Go-To-Market Constitution,N/A,** Ratified Constitutional Framework,N/A,** Zyppi Constitutional Architecture,N/A,Zyppi,CANONICAL-ACTIVE,N/A,N/A,N/A,CONSTITUTION-FAMILIES,DOCS/CONSTITUTION/03-CONSTITUTIONAL-FAMILIES/07-SIOS/GTM-001.md,MOVE_TO_TARGET,N/A,CRITICAL,S03,Primary Constitutional Family specification,"File size 11707 bytes, SHA256 79385b143e49..."
FILE,DOCS/ZyGOV/CONSTITUTION/03-CONSTITUTIONAL-FAMILIES/07-SIOS/LANGUAGE-001.md,LANGUAGE-001.md,N/A,LANGUAGE-001.md — Constitutional Framework for Structural Language,N/A,**     | Ratified                                                                                                                                                                      |,N/A,N/A,N/A,N/A,CANONICAL-ACTIVE,"** | NORTH_STAR.md, FOUNDING_PRINCIPLES.md, CONSTITUTION-001.md, REALITY-001.md, FORCES-001.md, SYSTEMS-001.md, FRICTION-001.md, OPPORTUNITY-001.md, CATEGORY-001.md, BUYER-001.md |",N/A,N/A,CONSTITUTION-FAMILIES,DOCS/CONSTITUTION/03-CONSTITUTIONAL-FAMILIES/07-SIOS/LANGUAGE-001.md,MOVE_TO_TARGET,N/A,CRITICAL,S03,Primary Constitutional Family specification,"File size 11937 bytes, SHA256 2833825391ce..."
FILE,DOCS/ZyGOV/CONSTITUTION/03-CONSTITUTIONAL-FAMILIES/07-SIOS/OPPORTUNITY-001.md,OPPORTUNITY-001.md,N/A,OPPORTUNITY-001,N/A,**         | Ratified Draft                                                       |,** | Framework Document (Evaluation)                                      |,N/A,N/A,Zyppi,CANONICAL-ACTIVE,"**     | REALITY-001, CONSTITUTION-001, FORCES-001, SYSTEMS-001, FRICTION-001 |",N/A,N/A,CONSTITUTION-FAMILIES,DOCS/CONSTITUTION/03-CONSTITUTIONAL-FAMILIES/07-SIOS/OPPORTUNITY-001.md,MOVE_TO_TARGET,N/A,CRITICAL,S03,Primary Constitutional Family specification,"File size 11501 bytes, SHA256 cdb306a97c9e..."
FILE,DOCS/ZyGOV/CONSTITUTION/03-CONSTITUTIONAL-FAMILIES/07-SIOS/REALITY-001.md,REALITY-001.md,N/A,REALITY-001,N/A,**         | Ratified                |,** | Constitutional Document |,N/A,N/A,Zyppi,CANONICAL-ACTIVE,**     | None                    |,N/A,N/A,CONSTITUTION-FAMILIES,DOCS/CONSTITUTION/03-CONSTITUTIONAL-FAMILIES/07-SIOS/REALITY-001.md,MOVE_TO_TARGET,N/A,CRITICAL,S03,Primary Constitutional Family specification,"File size 9802 bytes, SHA256 a5c87fd75c2c..."
FILE,DOCS/ZyGOV/CONSTITUTION/03-CONSTITUTIONAL-FAMILIES/07-SIOS/SIOS-000.md,SIOS-000.md,N/A,SIOS-000 — Strategic Intelligence & Operating System,N/A,**         | Foundational                          |,** | Constitutional Index                  |,N/A,N/A,Zyppi,DRAFT,N/A,N/A,N/A,CONSTITUTION-FAMILIES,DOCS/CONSTITUTION/03-CONSTITUTIONAL-FAMILIES/07-SIOS/SIOS-000.md,MOVE_TO_TARGET,N/A,CRITICAL,S03,Primary Constitutional Family specification,"File size 14571 bytes, SHA256 8affec8a4d15..."
FILE,DOCS/ZyGOV/CONSTITUTION/03-CONSTITUTIONAL-FAMILIES/07-SIOS/SYSTEMS-001.md,SYSTEMS-001.md,N/A,SYSTEMS-001 — Universal Systems Framework,N/A,**         | Ratified                                  |,** | Framework Document                        |,N/A,N/A,N/A,CANONICAL-ACTIVE,"**     | REALITY-001, CONSTITUTION-001, FORCES-001 |",N/A,N/A,CONSTITUTION-FAMILIES,DOCS/CONSTITUTION/03-CONSTITUTIONAL-FAMILIES/07-SIOS/SYSTEMS-001.md,MOVE_TO_TARGET,N/A,CRITICAL,S03,Primary Constitutional Family specification,"File size 12769 bytes, SHA256 c6d9f2f5b998..."
FILE,DOCS/ZyGOV/CONSTITUTION/03-CONSTITUTIONAL-FAMILIES/08-PRJ/PRJ-001.md,PRJ-001.md,N/A,PRJ-001 — Projection Architecture Constitution,1.0,N/A,N/A,N/A,N/A,Zyppi,DRAFT,N/A,N/A,N/A,CONSTITUTION-FAMILIES,DOCS/CONSTITUTION/03-CONSTITUTIONAL-FAMILIES/08-PRJ/PRJ-001.md,MOVE_TO_TARGET,N/A,CRITICAL,S03,Primary Constitutional Family specification,"File size 7705 bytes, SHA256 8163ab58fea2..."
FILE,DOCS/ZyGOV/CONSTITUTION/03-CONSTITUTIONAL-FAMILIES/08-PRJ/PRJ-002.md,PRJ-002.md,N/A,PRJ-002 — GS1 Digital Link Projection Specification,1.0,**,N/A,N/A,N/A,N/A,CANONICAL-ACTIVE,N/A,N/A,N/A,CONSTITUTION-FAMILIES,DOCS/CONSTITUTION/03-CONSTITUTIONAL-FAMILIES/08-PRJ/PRJ-002.md,MOVE_TO_TARGET,N/A,CRITICAL,S03,Primary Constitutional Family specification,"File size 6413 bytes, SHA256 e3f738aa6513..."
FILE,DOCS/ZyGOV/CONSTITUTION/03-CONSTITUTIONAL-FAMILIES/08-PRJ/PRJ-003.md,PRJ-003.md,N/A,PRJ-003 — Digital Product Passport Projection Specification,1.0,** LOCKED,N/A,N/A,N/A,N/A,CANONICAL-ACTIVE,N/A,N/A,N/A,CONSTITUTION-FAMILIES,DOCS/CONSTITUTION/03-CONSTITUTIONAL-FAMILIES/08-PRJ/PRJ-003.md,MOVE_TO_TARGET,N/A,CRITICAL,S03,Primary Constitutional Family specification,"File size 9323 bytes, SHA256 b97f8b8b2b23..."
FILE,DOCS/ZyGOV/CONSTITUTION/03-CONSTITUTIONAL-FAMILIES/09-RI/RI-000.md,RI-000.md,RI-000,RI-000 — Execution Contract v1.0,1.0.0,RATIFIED,Constitutional Engineering Standard,ZRM Constitutional Architecture Council,N/A,Zyppi,CANONICAL-ACTIVE,N/A,N/A,N/A,CONSTITUTION-FAMILIES,DOCS/CONSTITUTION/03-CONSTITUTIONAL-FAMILIES/09-RI/RI-000.md,MOVE_TO_TARGET,N/A,CRITICAL,S03,Primary Constitutional Family specification,"File size 56121 bytes, SHA256 c0e4d944a496..."
FILE,DOCS/ZyGOV/CONSTITUTION/03-CONSTITUTIONAL-FAMILIES/09-RI/RI-001.md,RI-001.md,RI-001,Part I — Foundations,1.0,RATIFIED — LOCKED — ACTIVE,N/A,Constitutional Architecture Council,N/A,N/A,CANONICAL-ACTIVE,RI-000 Execution Contract v1.0,None (Initial Release),N/A,CONSTITUTION-FAMILIES,DOCS/CONSTITUTION/03-CONSTITUTIONAL-FAMILIES/09-RI/RI-001.md,MOVE_TO_TARGET,N/A,CRITICAL,S03,Primary Constitutional Family specification,"File size 82540 bytes, SHA256 ef1acb56fd6e..."
FILE,DOCS/ZyGOV/CONSTITUTION/03-CONSTITUTIONAL-FAMILIES/09-RI/RI-002.md,RI-002.md,RI-002,Part I — Foundations,1.0,RATIFIED — LOCKED — ACTIVE,N/A,Constitutional Architecture Council,N/A,N/A,CANONICAL-ACTIVE,RI-000 Execution Contract v1.0,None (Initial Release),N/A,CONSTITUTION-FAMILIES,DOCS/CONSTITUTION/03-CONSTITUTIONAL-FAMILIES/09-RI/RI-002.md,MOVE_TO_TARGET,N/A,CRITICAL,S03,Primary Constitutional Family specification,"File size 59233 bytes, SHA256 427fd30fbbd9..."
FILE,DOCS/ZyGOV/CONSTITUTION/03-CONSTITUTIONAL-FAMILIES/09-RI/RI-003.md,RI-003.md,RI-003,RI-003 — Constitutional Verification Framework,1.0,RATIFIED — LOCKED — ACTIVE,N/A,Constitutional Architecture Council,N/A,N/A,CANONICAL-ACTIVE,RI-000 Execution Contract v1.0,None (Initial Release),N/A,CONSTITUTION-FAMILIES,DOCS/CONSTITUTION/03-CONSTITUTIONAL-FAMILIES/09-RI/RI-003.md,MOVE_TO_TARGET,N/A,CRITICAL,S03,Primary Constitutional Family specification,"File size 104242 bytes, SHA256 a6f053d5d7ad..."
FILE,DOCS/ZyGOV/CONSTITUTION/03-CONSTITUTIONAL-FAMILIES/09-RI/RI-004.md,RI-004.md,RI-004,RI-004 — Registry Population Engine,1.0,RATIFIED — LOCKED — ACTIVE,N/A,Constitutional Architecture Council,N/A,N/A,CANONICAL-ACTIVE,RI-000 Execution Contract v1.0,None (Initial Release),N/A,CONSTITUTION-FAMILIES,DOCS/CONSTITUTION/03-CONSTITUTIONAL-FAMILIES/09-RI/RI-004.md,MOVE_TO_TARGET,N/A,CRITICAL,S03,Primary Constitutional Family specification,"File size 69461 bytes, SHA256 1e0d1d5cf0d8..."
FILE,DOCS/ZyGOV/CONSTITUTION/03-CONSTITUTIONAL-FAMILIES/09-RI/RI-005.md,RI-005.md,N/A,RI-005 — Registry Publication & Distribution Framework,N/A,**     Constitutional Draft – Approved for Locking,N/A,**  Zyppi Constitutional Architecture Council,N/A,Zyppi,DRAFT,N/A,N/A,N/A,CONSTITUTION-FAMILIES,DOCS/CONSTITUTION/03-CONSTITUTIONAL-FAMILIES/09-RI/RI-005.md,MOVE_TO_TARGET,N/A,CRITICAL,S03,Primary Constitutional Family specification,"File size 10118 bytes, SHA256 b1bd9f2c3f2a..."
FILE,DOCS/ZyGOV/CONSTITUTION/03-CONSTITUTIONAL-FAMILIES/09-RI/RI-006.A.md,RI-006.A.md,N/A,RI-006.A — Runtime Foundations,N/A,N/A,N/A,N/A,N/A,Zyppi,DRAFT,N/A,N/A,N/A,CONSTITUTION-FAMILIES,DOCS/CONSTITUTION/03-CONSTITUTIONAL-FAMILIES/09-RI/RI-006.A.md,MOVE_TO_TARGET,N/A,CRITICAL,S03,Primary Constitutional Family specification,"File size 9329 bytes, SHA256 c4fabf815532..."
FILE,DOCS/ZyGOV/CONSTITUTION/03-CONSTITUTIONAL-FAMILIES/09-RI/RI-006.B.md,RI-006.B.md,N/A,RI-006.B — Runtime Lifecycle,N/A,N/A,N/A,N/A,N/A,N/A,CANONICAL-ACTIVE,N/A,N/A,N/A,CONSTITUTION-FAMILIES,DOCS/CONSTITUTION/03-CONSTITUTIONAL-FAMILIES/09-RI/RI-006.B.md,MOVE_TO_TARGET,N/A,CRITICAL,S03,Primary Constitutional Family specification,"File size 9219 bytes, SHA256 16b68fdeddf1..."
FILE,DOCS/ZyGOV/CONSTITUTION/03-CONSTITUTIONAL-FAMILIES/09-RI/RI-006.C.md,RI-006.C.md,N/A,RI-006.C — Runtime Lifecycle & Execution Context,N/A,** Constitutional Draft,N/A,N/A,N/A,Zyppi,CANONICAL-ACTIVE,**,N/A,N/A,CONSTITUTION-FAMILIES,DOCS/CONSTITUTION/03-CONSTITUTIONAL-FAMILIES/09-RI/RI-006.C.md,MOVE_TO_TARGET,N/A,CRITICAL,S03,Primary Constitutional Family specification,"File size 7927 bytes, SHA256 9fe92357e476..."
FILE,DOCS/ZyGOV/CONSTITUTION/03-CONSTITUTIONAL-FAMILIES/09-RI/RI-006.D.md,RI-006.D.md,N/A,RI-006.D — Runtime Resolution Engine,N/A,** Ratified Draft v1.0,N/A,N/A,N/A,N/A,CANONICAL-ACTIVE,N/A,N/A,N/A,CONSTITUTION-FAMILIES,DOCS/CONSTITUTION/03-CONSTITUTIONAL-FAMILIES/09-RI/RI-006.D.md,MOVE_TO_TARGET,N/A,CRITICAL,S03,Primary Constitutional Family specification,"File size 7682 bytes, SHA256 c86bd10e082a..."
FILE,DOCS/ZyGOV/CONSTITUTION/03-CONSTITUTIONAL-FAMILIES/09-RI/RI-006.E.md,RI-006.E.md,N/A,RI-006.E — Runtime Evidence & Explainability,N/A,** Ratified Draft v1.0,N/A,N/A,N/A,Zyppi,CANONICAL-ACTIVE,N/A,N/A,N/A,CONSTITUTION-FAMILIES,DOCS/CONSTITUTION/03-CONSTITUTIONAL-FAMILIES/09-RI/RI-006.E.md,MOVE_TO_TARGET,N/A,CRITICAL,S03,Primary Constitutional Family specification,"File size 7842 bytes, SHA256 434c0b76c609..."
FILE,DOCS/ZyGOV/CONSTITUTION/03-CONSTITUTIONAL-FAMILIES/09-RI/RI-006.F.md,RI-006.F.md,N/A,RI-006.F — Runtime Constitutional Contracts,N/A,** Ratified Draft v1.0,N/A,N/A,N/A,Zyppi,CANONICAL-ACTIVE,N/A,N/A,N/A,CONSTITUTION-FAMILIES,DOCS/CONSTITUTION/03-CONSTITUTIONAL-FAMILIES/09-RI/RI-006.F.md,MOVE_TO_TARGET,N/A,CRITICAL,S03,Primary Constitutional Family specification,"File size 8011 bytes, SHA256 3f239f7ba986..."
FILE,DOCS/ZyGOV/CONSTITUTION/03-CONSTITUTIONAL-FAMILIES/10-ARM/ARM-001.md,ARM-001.md,N/A,ARM-001 Asset Reality Model,N/A,N/A,N/A,N/A,N/A,Zyppi,CANONICAL-ACTIVE,N/A,N/A,N/A,CONSTITUTION-FAMILIES,DOCS/CONSTITUTION/03-CONSTITUTIONAL-FAMILIES/10-ARM/ARM-001.md,MOVE_TO_TARGET,N/A,CRITICAL,S03,Primary Constitutional Family specification,"File size 30925 bytes, SHA256 3a20c2577327..."
FILE,DOCS/ZyGOV/CONSTITUTION/03-CONSTITUTIONAL-FAMILIES/10-ARM/ARM-P-001.md,ARM-P-001.md,N/A,ARM-P-001 — Product Profile Constitution,N/A,RATIFIED,N/A,N/A,N/A,N/A,CANONICAL-ACTIVE,N/A,N/A,N/A,CONSTITUTION-FAMILIES,DOCS/CONSTITUTION/03-CONSTITUTIONAL-FAMILIES/10-ARM/ARM-P-001.md,MOVE_TO_TARGET,N/A,CRITICAL,S03,Primary Constitutional Family specification,"File size 3451 bytes, SHA256 f6ac6c6eab54..."
FILE,DOCS/ZyGOV/CONSTITUTION/03-CONSTITUTIONAL-FAMILIES/11-ECONO/BAS-001.md,BAS-001.md,N/A,BAS-001,1.0,Constitutional Draft,Strategic Planning,Companion Specification,N/A,N/A,DRAFT,N/A,N/A,N/A,CONSTITUTION-FAMILIES,DOCS/CONSTITUTION/03-CONSTITUTIONAL-FAMILIES/11-ECONO/BAS-001.md,MOVE_TO_TARGET,N/A,CRITICAL,S03,Primary Constitutional Family specification,"File size 6507 bytes, SHA256 a692cf8a1c66..."
FILE,DOCS/ZyGOV/CONSTITUTION/03-CONSTITUTIONAL-FAMILIES/11-ECONO/CAA-001.md,CAA-001.md,N/A,CAA-001,1.0,Constitutional Draft,N/A,N/A,N/A,Zyppi,DRAFT,N/A,N/A,N/A,CONSTITUTION-FAMILIES,DOCS/CONSTITUTION/03-CONSTITUTIONAL-FAMILIES/11-ECONO/CAA-001.md,MOVE_TO_TARGET,N/A,CRITICAL,S03,Primary Constitutional Family specification,"File size 9276 bytes, SHA256 eafa8bcfbd3f..."
FILE,DOCS/ZyGOV/CONSTITUTION/03-CONSTITUTIONAL-FAMILIES/11-ECONO/CEP-001.md,CEP-001.md,N/A,CEP-001,1.0,Constitutional Specification,Constitutional,Foundational,N/A,Zyppi,DRAFT,N/A,N/A,N/A,CONSTITUTION-FAMILIES,DOCS/CONSTITUTION/03-CONSTITUTIONAL-FAMILIES/11-ECONO/CEP-001.md,MOVE_TO_TARGET,N/A,CRITICAL,S03,Primary Constitutional Family specification,"File size 10471 bytes, SHA256 e6f7d8f8eef7..."
FILE,DOCS/ZyGOV/CONSTITUTION/03-CONSTITUTIONAL-FAMILIES/11-ECONO/CES-001.md,CES-001.md,N/A,CES-001,1.0,Constitutional Draft,Strategic Decision Architecture,Companion Specification,N/A,Zyppi,CANONICAL-ACTIVE,N/A,N/A,N/A,CONSTITUTION-FAMILIES,DOCS/CONSTITUTION/03-CONSTITUTIONAL-FAMILIES/11-ECONO/CES-001.md,MOVE_TO_TARGET,N/A,CRITICAL,S03,Primary Constitutional Family specification,"File size 43757 bytes, SHA256 080d397900a6..."
FILE,DOCS/ZyGOV/CONSTITUTION/03-CONSTITUTIONAL-FAMILIES/11-ECONO/CMS-001.md,CMS-001.md,N/A,CMS-001,1.0,Constitutional,N/A,Cross-Constitution Specification,N/A,Zyppi,DRAFT,N/A,N/A,N/A,CONSTITUTION-FAMILIES,DOCS/CONSTITUTION/03-CONSTITUTIONAL-FAMILIES/11-ECONO/CMS-001.md,MOVE_TO_TARGET,N/A,CRITICAL,S03,Primary Constitutional Family specification,"File size 10626 bytes, SHA256 58857ec53810..."
FILE,DOCS/ZyGOV/CONSTITUTION/03-CONSTITUTIONAL-FAMILIES/11-ECONO/EAA-001.md,EAA-001.md,N/A,EAA-001,N/A,N/A,N/A,N/A,N/A,Zyppi,DRAFT,N/A,N/A,N/A,CONSTITUTION-FAMILIES,DOCS/CONSTITUTION/03-CONSTITUTIONAL-FAMILIES/11-ECONO/EAA-001.md,MOVE_TO_TARGET,N/A,CRITICAL,S03,Primary Constitutional Family specification,"File size 5182 bytes, SHA256 86be3fa3fa7c..."
FILE,DOCS/ZyGOV/CONSTITUTION/03-CONSTITUTIONAL-FAMILIES/12-CMM/CMM-001.md,CMM-001.md,N/A,CMM-001,1.0,Constitutional Draft,Foundational Mathematics,Constitutional Specification,N/A,Zyppi,CANONICAL-ACTIVE,N/A,N/A,N/A,CONSTITUTION-FAMILIES,DOCS/CONSTITUTION/03-CONSTITUTIONAL-FAMILIES/12-CMM/CMM-001.md,MOVE_TO_TARGET,N/A,CRITICAL,S03,Primary Constitutional Family specification,"File size 103371 bytes, SHA256 d5685efc27fb..."
FILE,DOCS/ZyGOV/CONSTITUTION/04-SECONDARY-CONSTITUTIONAL-CONSTRUCTS/BINDING/ADDRESSING-001-v0.4.0-Unfict-Succession-Revision.md,ADDRESSING-001-v0.4.0-Unfict-Succession-Revision.md,N/A,ADDRESSING-001,N/A,** **DRAFT — UNFICT SUCCESSION REVISION / RATIFICATION CANDIDATE**,** Secondary Cross-Constitutional Construct + Public Internet Binding Profile,**,N/A,Transition/Both,CANONICAL-ACTIVE,N/A,**,N/A,CONSTITUTION-SECONDARY,DOCS/CONSTITUTION/04-SECONDARY-CONSTITUTIONAL-CONSTRUCTS/BINDING/ADDRESSING-001-v0.4.0-Unfict-Succession-Revision.md,MOVE_TO_TARGET,N/A,HIGH,S07,Secondary construct with active Unfict succession revision,"File size 119557 bytes, SHA256 df14cf6cca0f..."
FILE,DOCS/ZyGOV/CONSTITUTION/04-SECONDARY-CONSTITUTIONAL-CONSTRUCTS/BINDING/CUSTOM-DOMAIN-ARCHITECTURE-001-v0.4.0-Unfict-Succession-Revision.md,CUSTOM-DOMAIN-ARCHITECTURE-001-v0.4.0-Unfict-Succession-Revision.md,N/A,CUSTOM-DOMAIN-ARCHITECTURE-001,N/A,** **DRAFT — UNFICT SUCCESSION REVISION / RATIFICATION CANDIDATE**,** Derived cross-constitutional architecture profile,**,N/A,Transition/Both,CANONICAL-ACTIVE,N/A,**,N/A,CONSTITUTION-SECONDARY,DOCS/CONSTITUTION/04-SECONDARY-CONSTITUTIONAL-CONSTRUCTS/BINDING/CUSTOM-DOMAIN-ARCHITECTURE-001-v0.4.0-Unfict-Succession-Revision.md,MOVE_TO_TARGET,N/A,HIGH,S07,Secondary construct with active Unfict succession revision,"File size 21521 bytes, SHA256 a624cf2866ed..."
FILE,DOCS/ZyGOV/CONSTITUTION/04-SECONDARY-CONSTITUTIONAL-CONSTRUCTS/BINDING/DOMAIN-BINDING-001-v0.3.0-Unfict-Succession-Revision.md,DOMAIN-BINDING-001-v0.3.0-Unfict-Succession-Revision.md,N/A,DOMAIN-BINDING-001,N/A,** **DRAFT — UNFICT SUCCESSION REVISION / RATIFICATION CANDIDATE**,** Derived implementation-facing profile for customer-controlled P4 namespaces,**,N/A,Transition/Both,CANONICAL-ACTIVE,N/A,**,N/A,CONSTITUTION-SECONDARY,DOCS/CONSTITUTION/04-SECONDARY-CONSTITUTIONAL-CONSTRUCTS/BINDING/DOMAIN-BINDING-001-v0.3.0-Unfict-Succession-Revision.md,MOVE_TO_TARGET,N/A,HIGH,S07,Secondary construct with active Unfict succession revision,"File size 22336 bytes, SHA256 4625e2b81d09..."
FILE,DOCS/ZyGOV/CONSTITUTION/04-SECONDARY-CONSTITUTIONAL-CONSTRUCTS/BINDING/EDGE-RESOLUTION-GATEWAY-001-v0.3.0-Unfict-Succession-Revision.md,EDGE-RESOLUTION-GATEWAY-001-v0.3.0-Unfict-Succession-Revision.md,N/A,EDGE-RESOLUTION-GATEWAY-001,N/A,** **DRAFT — UNFICT SUCCESSION REVISION / RATIFICATION CANDIDATE**,** Authorized public ingress and response-adaptation layer,**,N/A,Transition/Both,CANONICAL-ACTIVE,N/A,**,N/A,CONSTITUTION-SECONDARY,DOCS/CONSTITUTION/04-SECONDARY-CONSTITUTIONAL-CONSTRUCTS/BINDING/EDGE-RESOLUTION-GATEWAY-001-v0.3.0-Unfict-Succession-Revision.md,MOVE_TO_TARGET,N/A,HIGH,S07,Secondary construct with active Unfict succession revision,"File size 22171 bytes, SHA256 04e2304656f1..."
FILE,DOCS/ZyGOV/CONSTITUTION/04-SECONDARY-CONSTITUTIONAL-CONSTRUCTS/BINDING/ZRR-NS-001-v0.3.0-Unfict-Succession-Revision.md,ZRR-NS-001-v0.3.0-Unfict-Succession-Revision.md,N/A,ZRR-NS-001,N/A,** **DRAFT — UNFICT SUCCESSION REVISION / RATIFICATION CANDIDATE**,** Strategic Architecture Direction + Resource Resolution Governance Boundary,**,N/A,Transition/Both,CANONICAL-ACTIVE,N/A,**,N/A,CONSTITUTION-SECONDARY,DOCS/CONSTITUTION/04-SECONDARY-CONSTITUTIONAL-CONSTRUCTS/BINDING/ZRR-NS-001-v0.3.0-Unfict-Succession-Revision.md,MOVE_TO_TARGET,N/A,HIGH,S07,Secondary construct with active Unfict succession revision,"File size 40852 bytes, SHA256 82a5b11c4f43..."
FILE,DOCS/ZyGOV/CONSTITUTION/04-SECONDARY-CONSTITUTIONAL-CONSTRUCTS/DELEGATION/DELEGATION-001-CORR-01.md,DELEGATION-001-CORR-01.md,N/A,DELEGATION-001-CORR-01.md,N/A,N/A,N/A,N/A,N/A,Zyppi,CANONICAL-ACTIVE,N/A,N/A,N/A,CONSTITUTION-SECONDARY,DOCS/CONSTITUTION/04-SECONDARY-CONSTITUTIONAL-CONSTRUCTS/DELEGATION/DELEGATION-001-CORR-01.md,MOVE_TO_TARGET,N/A,HIGH,S07,Ratified secondary construct,"File size 21362 bytes, SHA256 12c32c43ab3e..."
FILE,DOCS/ZyGOV/CONSTITUTION/04-SECONDARY-CONSTITUTIONAL-CONSTRUCTS/DELEGATION/DELEGATION-001-P3.md,DELEGATION-001-P3.md,N/A,DELEGATION-001-P3.md,N/A,N/A,N/A,NONE.,N/A,N/A,CANONICAL-ACTIVE,N/A,N/A,N/A,CONSTITUTION-SECONDARY,DOCS/CONSTITUTION/04-SECONDARY-CONSTITUTIONAL-CONSTRUCTS/DELEGATION/DELEGATION-001-P3.md,MOVE_TO_TARGET,N/A,HIGH,S07,Ratified secondary construct,"File size 21550 bytes, SHA256 a30f75b8d397..."
FILE,DOCS/ZyGOV/CONSTITUTION/04-SECONDARY-CONSTITUTIONAL-CONSTRUCTS/DELEGATION/DELEGATION-001-P5C.md,DELEGATION-001-P5C.md,N/A,DELEGATION-001-PH5-C — Agency Binding Contract,N/A,N/A,N/A,N/A,N/A,N/A,CANONICAL-ACTIVE,N/A,N/A,N/A,CONSTITUTION-SECONDARY,DOCS/CONSTITUTION/04-SECONDARY-CONSTITUTIONAL-CONSTRUCTS/DELEGATION/DELEGATION-001-P5C.md,MOVE_TO_TARGET,N/A,HIGH,S07,Ratified secondary construct,"File size 42520 bytes, SHA256 186b690de68e..."
FILE,DOCS/ZyGOV/CONSTITUTION/04-SECONDARY-CONSTITUTIONAL-CONSTRUCTS/DELEGATION/DELEGATION-001-P5D.md,DELEGATION-001-P5D.md,N/A,DELEGATION-001-PH5-D — Delegation Proof Requirements Contract,N/A,N/A,N/A,N/A,N/A,N/A,CANONICAL-ACTIVE,N/A,N/A,N/A,CONSTITUTION-SECONDARY,DOCS/CONSTITUTION/04-SECONDARY-CONSTITUTIONAL-CONSTRUCTS/DELEGATION/DELEGATION-001-P5D.md,MOVE_TO_TARGET,N/A,HIGH,S07,Ratified secondary construct,"File size 37651 bytes, SHA256 bae340c6906c..."
FILE,DOCS/ZyGOV/CONSTITUTION/04-SECONDARY-CONSTITUTIONAL-CONSTRUCTS/DELEGATION/DELEGATION-001-P5E.md,DELEGATION-001-P5E.md,N/A,DELEGATION-001-PH5-E — Adversarial Contract Simulation & Closure Test,N/A,N/A,N/A,N/A,N/A,N/A,CANONICAL-ACTIVE,N/A,N/A,N/A,CONSTITUTION-SECONDARY,DOCS/CONSTITUTION/04-SECONDARY-CONSTITUTIONAL-CONSTRUCTS/DELEGATION/DELEGATION-001-P5E.md,MOVE_TO_TARGET,N/A,HIGH,S07,Ratified secondary construct,"File size 36345 bytes, SHA256 fa0c1c8693f1..."
FILE,DOCS/ZyGOV/CONSTITUTION/04-SECONDARY-CONSTITUTIONAL-CONSTRUCTS/DELEGATION/DELEGATION-001-V1.0.md,DELEGATION-001-V1.0.md,N/A,DELEGATION-001 — Universal Delegation & Agency Constitution,N/A,N/A,N/A,N/A,N/A,Zyppi,CANONICAL-ACTIVE,N/A,N/A,N/A,CONSTITUTION-SECONDARY,DOCS/CONSTITUTION/04-SECONDARY-CONSTITUTIONAL-CONSTRUCTS/DELEGATION/DELEGATION-001-V1.0.md,MOVE_TO_TARGET,N/A,HIGH,S07,Ratified secondary construct,"File size 43685 bytes, SHA256 0ad08db0185c..."
FILE,DOCS/ZyGOV/CONSTITUTION/04-SECONDARY-CONSTITUTIONAL-CONSTRUCTS/DELEGATION/DELEGATION-001-p4.md,DELEGATION-001-p4.md,N/A,DELEGATION-001-p4.md,N/A,N/A,N/A,N/A,N/A,Zyppi,CANONICAL-ACTIVE,N/A,N/A,N/A,CONSTITUTION-SECONDARY,DOCS/CONSTITUTION/04-SECONDARY-CONSTITUTIONAL-CONSTRUCTS/DELEGATION/DELEGATION-001-p4.md,MOVE_TO_TARGET,N/A,HIGH,S07,Ratified secondary construct,"File size 21902 bytes, SHA256 a39602471d3b..."
FILE,DOCS/ZyGOV/CONSTITUTION/04-SECONDARY-CONSTITUTIONAL-CONSTRUCTS/DELEGATION/DELEGATION-001-p5.md,DELEGATION-001-p5.md,N/A,DELEGATION-001-p5.md,N/A,N/A,N/A,N/A,N/A,N/A,CANONICAL-ACTIVE,N/A,N/A,N/A,CONSTITUTION-SECONDARY,DOCS/CONSTITUTION/04-SECONDARY-CONSTITUTIONAL-CONSTRUCTS/DELEGATION/DELEGATION-001-p5.md,MOVE_TO_TARGET,N/A,HIGH,S07,Ratified secondary construct,"File size 27232 bytes, SHA256 bbf9ba7d8260..."
FILE,DOCS/ZyGOV/CONSTITUTION/04-SECONDARY-CONSTITUTIONAL-CONSTRUCTS/DELEGATION/DELEGATION-001-p5a.md,DELEGATION-001-p5a.md,N/A,DELEGATION-001-p5a.md,N/A,N/A,N/A,N/A,N/A,N/A,CANONICAL-ACTIVE,N/A,N/A,N/A,CONSTITUTION-SECONDARY,DOCS/CONSTITUTION/04-SECONDARY-CONSTITUTIONAL-CONSTRUCTS/DELEGATION/DELEGATION-001-p5a.md,MOVE_TO_TARGET,N/A,HIGH,S07,Ratified secondary construct,"File size 28542 bytes, SHA256 97ed22696c2e..."
FILE,DOCS/ZyGOV/CONSTITUTION/04-SECONDARY-CONSTITUTIONAL-CONSTRUCTS/DELEGATION/DELEGATION-001-p5b.md,DELEGATION-001-p5b.md,N/A,DELEGATION-001-PH5-B — Delegation Parent & Lineage Contract,N/A,N/A,N/A,N/A,N/A,N/A,CANONICAL-ACTIVE,N/A,N/A,N/A,CONSTITUTION-SECONDARY,DOCS/CONSTITUTION/04-SECONDARY-CONSTITUTIONAL-CONSTRUCTS/DELEGATION/DELEGATION-001-p5b.md,MOVE_TO_TARGET,N/A,HIGH,S07,Ratified secondary construct,"File size 35571 bytes, SHA256 480024508531..."
FILE,DOCS/ZyGOV/CONSTITUTION/04-SECONDARY-CONSTITUTIONAL-CONSTRUCTS/DELEGATION/DELEGATION-001.md,DELEGATION-001.md,N/A,DELEGATION-001 — Universal Delegation & Agency Constitution,N/A,N/A,N/A,N/A,N/A,Zyppi,CANONICAL-ACTIVE,N/A,N/A,N/A,CONSTITUTION-SECONDARY,DOCS/CONSTITUTION/04-SECONDARY-CONSTITUTIONAL-CONSTRUCTS/DELEGATION/DELEGATION-001.md,MOVE_TO_TARGET,N/A,HIGH,S07,Ratified secondary construct,"File size 42453 bytes, SHA256 fe1b7fecba8f..."
FILE,DOCS/ZyGOV/CONSTITUTION/04-SECONDARY-CONSTITUTIONAL-CONSTRUCTS/MARKETING/Marketing-000-v1.0-DRAFT.md,Marketing-000-v1.0-DRAFT.md,N/A,Marketing-000,N/A,** **DRAFT — PROPOSED FOR RATIFICATION**,** Constitutional Branch Foundation,** Branch Charter,N/A,Zyppi,CANONICAL-ACTIVE,N/A,N/A,N/A,CONSTITUTION-SECONDARY,DOCS/CONSTITUTION/04-SECONDARY-CONSTITUTIONAL-CONSTRUCTS/MARKETING/Marketing-000-v1.0-DRAFT.md,MOVE_TO_TARGET,N/A,HIGH,S07,Ratified secondary construct,"File size 33928 bytes, SHA256 497b9a89d190..."
FILE,DOCS/ZyGOV/CONSTITUTION/04-SECONDARY-CONSTITUTIONAL-CONSTRUCTS/MARKETING/Marketing-000.md,Marketing-000.md,N/A,Marketing-000,N/A,** **RATIFIED**,** Constitutional Branch Foundation,** Branch Charter,N/A,Zyppi,CANONICAL-ACTIVE,N/A,**,N/A,CONSTITUTION-SECONDARY,DOCS/CONSTITUTION/04-SECONDARY-CONSTITUTIONAL-CONSTRUCTS/MARKETING/Marketing-000.md,MOVE_TO_TARGET,N/A,HIGH,S07,Ratified secondary construct,"File size 27771 bytes, SHA256 4b0a777d59a0..."
FILE,DOCS/ZyGOV/CONSTITUTION/04-SECONDARY-CONSTITUTIONAL-CONSTRUCTS/MARKETING/Marketing-002.md,Marketing-002.md,N/A,Marketing-002,N/A,** **RATIFIED**,** Marketing Constitution,** Constitutional Child Doctrine,N/A,Zyppi,CANONICAL-ACTIVE,N/A,N/A,N/A,CONSTITUTION-SECONDARY,DOCS/CONSTITUTION/04-SECONDARY-CONSTITUTIONAL-CONSTRUCTS/MARKETING/Marketing-002.md,MOVE_TO_TARGET,N/A,HIGH,S07,Ratified secondary construct,"File size 36545 bytes, SHA256 37a0e79c47ad..."
FILE,DOCS/ZyGOV/CONSTITUTION/04-SECONDARY-CONSTITUTIONAL-CONSTRUCTS/MARKETING/Marketing-003.md,Marketing-003.md,N/A,Marketing-003,N/A,** **RATIFIED**,** Marketing Constitution,** Constitutional Child Doctrine,N/A,Zyppi,CANONICAL-ACTIVE,N/A,N/A,N/A,CONSTITUTION-SECONDARY,DOCS/CONSTITUTION/04-SECONDARY-CONSTITUTIONAL-CONSTRUCTS/MARKETING/Marketing-003.md,MOVE_TO_TARGET,N/A,HIGH,S07,Ratified secondary construct,"File size 37362 bytes, SHA256 8f2b682ba590..."
FILE,DOCS/ZyGOV/CONSTITUTION/04-SECONDARY-CONSTITUTIONAL-CONSTRUCTS/MARKETING/Marketing-004.md,Marketing-004.md,N/A,Marketing-004,N/A,** **RATIFIED**,** Marketing Constitution,** Constitutional Child Doctrine,N/A,Zyppi,CANONICAL-ACTIVE,N/A,N/A,N/A,CONSTITUTION-SECONDARY,DOCS/CONSTITUTION/04-SECONDARY-CONSTITUTIONAL-CONSTRUCTS/MARKETING/Marketing-004.md,MOVE_TO_TARGET,N/A,HIGH,S07,Ratified secondary construct,"File size 39800 bytes, SHA256 2a2a05f2cd0f..."
FILE,DOCS/ZyGOV/CONSTITUTION/04-SECONDARY-CONSTITUTIONAL-CONSTRUCTS/MARKETING/Marketing-005 (1).md,Marketing-005 (1).md,N/A,Marketing-005,N/A,** **RATIFIED**,** Marketing Constitution,** Constitutional Child Doctrine,N/A,Zyppi,DUPLICATE,N/A,N/A,N/A,DUPLICATE,DOCS/ARCHIVE/DUPLICATES/Marketing-005 (1).md,CONSOLIDATE_OR_DEPRECATE,DOCS/ZyGOV/CONSTITUTION/04-SECONDARY-CONSTITUTIONAL-CONSTRUCTS/MARKETING/Marketing-005.md,LOW,S14,Byte-identical SHA256 match with primary DOCS/ZyGOV/CONSTITUTION/04-SECONDARY-CONSTITUTIONAL-CONSTRUCTS/MARKETING/Marketing-005.md,"File size 40681 bytes, SHA256 4eff676d72f0..."
FILE,DOCS/ZyGOV/CONSTITUTION/04-SECONDARY-CONSTITUTIONAL-CONSTRUCTS/MARKETING/Marketing-005.md,Marketing-005.md,N/A,Marketing-005,N/A,** **RATIFIED**,** Marketing Constitution,** Constitutional Child Doctrine,N/A,Zyppi,CANONICAL-ACTIVE,N/A,N/A,N/A,CONSTITUTION-SECONDARY,DOCS/CONSTITUTION/04-SECONDARY-CONSTITUTIONAL-CONSTRUCTS/MARKETING/Marketing-005.md,MOVE_TO_TARGET,N/A,HIGH,S07,Ratified secondary construct,"File size 40681 bytes, SHA256 4eff676d72f0..."
FILE,DOCS/ZyGOV/CONSTITUTION/04-SECONDARY-CONSTITUTIONAL-CONSTRUCTS/MARKETING/Marketing-006.md,Marketing-006.md,N/A,Marketing-006,N/A,** **RATIFIED**,** Marketing Constitution,** Constitutional Child Doctrine,N/A,Zyppi,CANONICAL-ACTIVE,N/A,N/A,N/A,CONSTITUTION-SECONDARY,DOCS/CONSTITUTION/04-SECONDARY-CONSTITUTIONAL-CONSTRUCTS/MARKETING/Marketing-006.md,MOVE_TO_TARGET,N/A,HIGH,S07,Ratified secondary construct,"File size 39350 bytes, SHA256 f4d671b03dfe..."
FILE,DOCS/ZyGOV/CONSTITUTION/04-SECONDARY-CONSTITUTIONAL-CONSTRUCTS/MARKETING/Marketing-007.md,Marketing-007.md,N/A,Marketing-007,N/A,** **RATIFIED**,** Marketing Constitution,** Constitutional Child Protocol,N/A,Zyppi,CANONICAL-ACTIVE,N/A,N/A,N/A,CONSTITUTION-SECONDARY,DOCS/CONSTITUTION/04-SECONDARY-CONSTITUTIONAL-CONSTRUCTS/MARKETING/Marketing-007.md,MOVE_TO_TARGET,N/A,HIGH,S07,Ratified secondary construct,"File size 44666 bytes, SHA256 761684d91f82..."
FILE,DOCS/ZyGOV/CONSTITUTION/04-SECONDARY-CONSTITUTIONAL-CONSTRUCTS/MARKETING/Marketing-008.md,Marketing-008.md,N/A,Marketing-008,N/A,** **RATIFIED**,** Marketing Constitution,** Constitutional Child Doctrine,N/A,Zyppi,CANONICAL-ACTIVE,N/A,N/A,N/A,CONSTITUTION-SECONDARY,DOCS/CONSTITUTION/04-SECONDARY-CONSTITUTIONAL-CONSTRUCTS/MARKETING/Marketing-008.md,MOVE_TO_TARGET,N/A,HIGH,S07,Ratified secondary construct,"File size 39619 bytes, SHA256 762ec73a56da..."
FILE,DOCS/ZyGOV/CONSTITUTION/04-SECONDARY-CONSTITUTIONAL-CONSTRUCTS/MARKETING/Marketing-009.md,Marketing-009.md,N/A,Marketing-009,N/A,** **RATIFIED**,** Marketing Constitution,** Constitutional Child Doctrine,N/A,Zyppi,CANONICAL-ACTIVE,N/A,N/A,N/A,CONSTITUTION-SECONDARY,DOCS/CONSTITUTION/04-SECONDARY-CONSTITUTIONAL-CONSTRUCTS/MARKETING/Marketing-009.md,MOVE_TO_TARGET,N/A,HIGH,S07,Ratified secondary construct,"File size 39424 bytes, SHA256 a62a1fb72ff6..."
FILE,DOCS/ZyGOV/CONSTITUTION/04-SECONDARY-CONSTITUTIONAL-CONSTRUCTS/MARKETING/Marketing-010.md,Marketing-010.md,N/A,Marketing-010,N/A,** **RATIFIED**,** Marketing Constitution,** Constitutional Child Doctrine,N/A,Zyppi,CANONICAL-ACTIVE,N/A,N/A,N/A,CONSTITUTION-SECONDARY,DOCS/CONSTITUTION/04-SECONDARY-CONSTITUTIONAL-CONSTRUCTS/MARKETING/Marketing-010.md,MOVE_TO_TARGET,N/A,HIGH,S07,Ratified secondary construct,"File size 41249 bytes, SHA256 248d31d4553e..."
FILE,DOCS/ZyGOV/CONSTITUTION/04-SECONDARY-CONSTITUTIONAL-CONSTRUCTS/MARKETING/Marketing-011.md,Marketing-011.md,N/A,Marketing-011,N/A,** **DRAFT — PROPOSED FOR RATIFICATION**,** Marketing Constitution,** Constitutional Child Doctrine,N/A,Zyppi,CANONICAL-ACTIVE,N/A,N/A,N/A,CONSTITUTION-SECONDARY,DOCS/CONSTITUTION/04-SECONDARY-CONSTITUTIONAL-CONSTRUCTS/MARKETING/Marketing-011.md,MOVE_TO_TARGET,N/A,HIGH,S07,Ratified secondary construct,"File size 38487 bytes, SHA256 50e81255f353..."
FILE,DOCS/ZyGOV/CONSTITUTION/04-SECONDARY-CONSTITUTIONAL-CONSTRUCTS/MARKETING/Marketing-012.md,Marketing-012.md,N/A,Marketing-012,N/A,** **DRAFT — PROPOSED FOR RATIFICATION**,** Marketing Constitution,** Constitutional Child Doctrine,N/A,Zyppi,CANONICAL-ACTIVE,N/A,N/A,N/A,CONSTITUTION-SECONDARY,DOCS/CONSTITUTION/04-SECONDARY-CONSTITUTIONAL-CONSTRUCTS/MARKETING/Marketing-012.md,MOVE_TO_TARGET,N/A,HIGH,S07,Ratified secondary construct,"File size 44306 bytes, SHA256 3d1f384b475c..."
FILE,DOCS/ZyGOV/CONSTITUTION/04-SECONDARY-CONSTITUTIONAL-CONSTRUCTS/MARKETING/Marketing-013.md,Marketing-013.md,N/A,Marketing-013,N/A,** **DRAFT — PROPOSED FOR RATIFICATION**,** Marketing Constitution,** Constitutional Child Doctrine,N/A,Zyppi,CANONICAL-ACTIVE,N/A,N/A,N/A,CONSTITUTION-SECONDARY,DOCS/CONSTITUTION/04-SECONDARY-CONSTITUTIONAL-CONSTRUCTS/MARKETING/Marketing-013.md,MOVE_TO_TARGET,N/A,HIGH,S07,Ratified secondary construct,"File size 42033 bytes, SHA256 2cf43008f6d7..."
FILE,DOCS/ZyGOV/CONSTITUTION/04-SECONDARY-CONSTITUTIONAL-CONSTRUCTS/MARKETING/Marketing-014.md,Marketing-014.md,N/A,Marketing-014,N/A,** **DRAFT — PROPOSED FOR RATIFICATION**,** Marketing Constitution,** Constitutional Child Doctrine,N/A,Zyppi,CANONICAL-ACTIVE,N/A,N/A,N/A,CONSTITUTION-SECONDARY,DOCS/CONSTITUTION/04-SECONDARY-CONSTITUTIONAL-CONSTRUCTS/MARKETING/Marketing-014.md,MOVE_TO_TARGET,N/A,HIGH,S07,Ratified secondary construct,"File size 43741 bytes, SHA256 04286ace0761..."
FILE,DOCS/ZyGOV/CONSTITUTION/04-SECONDARY-CONSTITUTIONAL-CONSTRUCTS/MARKETING/Marketing-015.md,Marketing-015.md,N/A,Marketing-015,N/A,** **DRAFT — PROPOSED FOR RATIFICATION**,** Marketing Constitution,** Constitutional Child Doctrine,N/A,Zyppi,CANONICAL-ACTIVE,N/A,N/A,N/A,CONSTITUTION-SECONDARY,DOCS/CONSTITUTION/04-SECONDARY-CONSTITUTIONAL-CONSTRUCTS/MARKETING/Marketing-015.md,MOVE_TO_TARGET,N/A,HIGH,S07,Ratified secondary construct,"File size 36701 bytes, SHA256 fefbeb6bcaed..."
FILE,DOCS/ZyGOV/CONSTITUTION/04-SECONDARY-CONSTITUTIONAL-CONSTRUCTS/MARKETING/Marketing-PLAN-1Y-001-v1.0-DRAFT.md,Marketing-PLAN-1Y-001-v1.0-DRAFT.md,N/A,Marketing-PLAN-1Y-001,N/A,** **DRAFT — PROPOSED FOR CHAIR APPROVAL**,** Strategic Horizon Plan,**,N/A,Zyppi,CANONICAL-ACTIVE,N/A,N/A,N/A,CONSTITUTION-SECONDARY,DOCS/CONSTITUTION/04-SECONDARY-CONSTITUTIONAL-CONSTRUCTS/MARKETING/Marketing-PLAN-1Y-001-v1.0-DRAFT.md,MOVE_TO_TARGET,N/A,HIGH,S07,Ratified secondary construct,"File size 57927 bytes, SHA256 041ea90466a8..."
FILE,DOCS/ZyGOV/CONSTITUTION/04-SECONDARY-CONSTITUTIONAL-CONSTRUCTS/MARKETING/Marketing-PLAN-1Y-001.md,Marketing-PLAN-1Y-001.md,N/A,Marketing-PLAN-1Y-001,N/A,** **RATIFIED / ACTIVE**,** Strategic Horizon Plan,**,N/A,Zyppi,CANONICAL-ACTIVE,N/A,N/A,N/A,CONSTITUTION-SECONDARY,DOCS/CONSTITUTION/04-SECONDARY-CONSTITUTIONAL-CONSTRUCTS/MARKETING/Marketing-PLAN-1Y-001.md,MOVE_TO_TARGET,N/A,HIGH,S07,Ratified secondary construct,"File size 80860 bytes, SHA256 1ac569dac83a..."
FILE,DOCS/ZyGOV/CONSTITUTION/04-SECONDARY-CONSTITUTIONAL-CONSTRUCTS/MARKETING/Marketing-PLAN-3Y-001-v1.0-DRAFT.md,Marketing-PLAN-3Y-001-v1.0-DRAFT.md,N/A,Marketing-PLAN-3Y-001,N/A,** **DRAFT — PROPOSED FOR CHAIR APPROVAL**,** Strategic Horizon Plan,**,N/A,Zyppi,CANONICAL-ACTIVE,N/A,N/A,N/A,CONSTITUTION-SECONDARY,DOCS/CONSTITUTION/04-SECONDARY-CONSTITUTIONAL-CONSTRUCTS/MARKETING/Marketing-PLAN-3Y-001-v1.0-DRAFT.md,MOVE_TO_TARGET,N/A,HIGH,S07,Ratified secondary construct,"File size 54376 bytes, SHA256 3e964e0471b7..."
FILE,DOCS/ZyGOV/CONSTITUTION/04-SECONDARY-CONSTITUTIONAL-CONSTRUCTS/MARKETING/Marketing-PLAN-3Y-001.md,Marketing-PLAN-3Y-001.md,N/A,Marketing-PLAN-3Y-001,N/A,** **DRAFT — PROPOSED FOR CHAIR APPROVAL**,** Strategic Horizon Plan,**,N/A,Zyppi,CANONICAL-ACTIVE,N/A,N/A,N/A,CONSTITUTION-SECONDARY,DOCS/CONSTITUTION/04-SECONDARY-CONSTITUTIONAL-CONSTRUCTS/MARKETING/Marketing-PLAN-3Y-001.md,MOVE_TO_TARGET,N/A,HIGH,S07,Ratified secondary construct,"File size 66341 bytes, SHA256 3d1cbef8deca..."
FILE,DOCS/ZyGOV/CONSTITUTION/04-SECONDARY-CONSTITUTIONAL-CONSTRUCTS/MARKETING/Marketing-RATIFICATION-SET-A.md,Marketing-RATIFICATION-SET-A.md,N/A,Marketing-RATIFICATION-SET-A,N/A,** **RATIFIED**,N/A,"** Chair, Zyppi Constitutional Council",N/A,Zyppi,CANONICAL-ACTIVE,N/A,N/A,N/A,CONSTITUTION-SECONDARY,DOCS/CONSTITUTION/04-SECONDARY-CONSTITUTIONAL-CONSTRUCTS/MARKETING/Marketing-RATIFICATION-SET-A.md,MOVE_TO_TARGET,N/A,HIGH,S07,Ratified secondary construct,"File size 7144 bytes, SHA256 d4bc3eb7b2e0..."
FILE,DOCS/ZyGOV/CONSTITUTION/04-SECONDARY-CONSTITUTIONAL-CONSTRUCTS/MARKETING/Marketing-RATIFICATION-SET-B.md,Marketing-RATIFICATION-SET-B.md,N/A,Marketing-RATIFICATION-SET-B,N/A,** **RATIFIED — CLOSED**,N/A,"** Chair, Zyppi Constitutional Council",N/A,Zyppi,CANONICAL-ACTIVE,N/A,N/A,N/A,CONSTITUTION-SECONDARY,DOCS/CONSTITUTION/04-SECONDARY-CONSTITUTIONAL-CONSTRUCTS/MARKETING/Marketing-RATIFICATION-SET-B.md,MOVE_TO_TARGET,N/A,HIGH,S07,Ratified secondary construct,"File size 6802 bytes, SHA256 3010d1ad3511..."
FILE,DOCS/ZyGOV/CONSTITUTION/04-SECONDARY-CONSTITUTIONAL-CONSTRUCTS/MARKETING/Marketing-SET-C-REVIEW.md,Marketing-SET-C-REVIEW.md,N/A,Marketing-SET-C-REVIEW,N/A,** **REVIEW COMPLETE — PENDING CHAIR RATIFICATION**,N/A,N/A,N/A,Zyppi,CANONICAL-ACTIVE,N/A,N/A,N/A,CONSTITUTION-SECONDARY,DOCS/CONSTITUTION/04-SECONDARY-CONSTITUTIONAL-CONSTRUCTS/MARKETING/Marketing-SET-C-REVIEW.md,MOVE_TO_TARGET,N/A,HIGH,S07,Ratified secondary construct,"File size 4498 bytes, SHA256 3aa7d0e39209..."
FILE,DOCS/ZyGOV/CONSTITUTION/04-SECONDARY-CONSTITUTIONAL-CONSTRUCTS/MARKETING/ZYPPI-PARTICIPANT-001-v1.1-CHAIR-REVIEW.md,ZYPPI-PARTICIPANT-001-v1.1-CHAIR-REVIEW.md,N/A,ZYPPI-PARTICIPANT-001,N/A,** DRAFT — CHAIR REVIEW,** Foundation — Product / UX / Identity / Participation,** Principle / Product-Architecture Doctrine,N/A,Zyppi,CANONICAL-ACTIVE,N/A,N/A,N/A,CONSTITUTION-SECONDARY,DOCS/CONSTITUTION/04-SECONDARY-CONSTITUTIONAL-CONSTRUCTS/MARKETING/ZYPPI-PARTICIPANT-001-v1.1-CHAIR-REVIEW.md,MOVE_TO_TARGET,N/A,HIGH,S07,Ratified secondary construct,"File size 35995 bytes, SHA256 2b27b7d723e5..."
FILE,DOCS/ZyGOV/CONSTITUTION/04-SECONDARY-CONSTITUTIONAL-CONSTRUCTS/MARKETING/ZYPPI-PARTICIPANT-001.md,ZYPPI-PARTICIPANT-001.md,N/A,ZYPPI-PARTICIPANT-001,N/A,"** DRAFT — COUNCIL SYNTHESIS, NOT YET PROPOSED FOR RATIFICATION",** Foundation — Product / UX / Identity,** Principle,N/A,Zyppi,CANONICAL-ACTIVE,N/A,N/A,N/A,CONSTITUTION-SECONDARY,DOCS/CONSTITUTION/04-SECONDARY-CONSTITUTIONAL-CONSTRUCTS/MARKETING/ZYPPI-PARTICIPANT-001.md,MOVE_TO_TARGET,N/A,HIGH,S07,Ratified secondary construct,"File size 23537 bytes, SHA256 e951d0648a4b..."
FILE,DOCS/ZyGOV/CONSTITUTION/04-SECONDARY-CONSTITUTIONAL-CONSTRUCTS/MARKETING/ZYPPI-REALITY-VALIDATION-001.md,ZYPPI-REALITY-VALIDATION-001.md,N/A,ZYPPI-REALITY-VALIDATION-001,N/A,** **DRAFT — PROPOSED FOR RATIFICATION**,** Foundational Strategic Reality Doctrine,"** Chair, Zyppi Constitutional Council",N/A,Zyppi,CANONICAL-ACTIVE,N/A,N/A,N/A,CONSTITUTION-SECONDARY,DOCS/CONSTITUTION/04-SECONDARY-CONSTITUTIONAL-CONSTRUCTS/MARKETING/ZYPPI-REALITY-VALIDATION-001.md,MOVE_TO_TARGET,N/A,HIGH,S07,Ratified secondary construct,"File size 61170 bytes, SHA256 9db1eb06fff3..."
FILE,DOCS/ZyGOV/CONSTITUTION/05-DOMAIN-COMPOSITION/Z-PROF/Z-PROF-001.md,Z-PROF-001.md,N/A,Z-PROF-001 — Domain Composition & Interrogation Constitution,N/A,**,N/A,**,N/A,Zyppi,CANONICAL-ACTIVE,**,**,N/A,CONSTITUTION-DOMAIN-COMPOSITION,DOCS/CONSTITUTION/05-DOMAIN-COMPOSITION/Z-PROF/Z-PROF-001.md,MOVE_TO_TARGET,N/A,HIGH,S08A,Domain Composition / Z-PROF specification,"File size 50351 bytes, SHA256 92edbb760571..."
FILE,DOCS/ZyGOV/CONSTITUTION/05-DOMAIN-COMPOSITION/Z-PROF/Z-PROF-CONTRACT.md,Z-PROF-CONTRACT.md,N/A,CONTRACT-R1 — Z-PROF Contract Closure,N/A,**                   |,N/A,**                | Zyppi Constitutional Council                                                                              |,N/A,Zyppi,CANONICAL-ACTIVE,N/A,N/A,N/A,CONSTITUTION-DOMAIN-COMPOSITION,DOCS/CONSTITUTION/05-DOMAIN-COMPOSITION/Z-PROF/Z-PROF-CONTRACT.md,MOVE_TO_TARGET,N/A,HIGH,S08A,Domain Composition / Z-PROF specification,"File size 23207 bytes, SHA256 2c2c6f5a30c9..."
FILE,DOCS/ZyGOV/CONSTITUTION/05-DOMAIN-COMPOSITION/Z-PROF/Z-PROF-D1.md,Z-PROF-D1.md,N/A,Z-PROF-D1 — Constitutional Fit & Boundary Analysis,N/A,**,N/A,** Zyppi Constitutional Council,N/A,Zyppi,CANONICAL-ACTIVE,N/A,**,N/A,CONSTITUTION-DOMAIN-COMPOSITION,DOCS/CONSTITUTION/05-DOMAIN-COMPOSITION/Z-PROF/Z-PROF-D1.md,MOVE_TO_TARGET,N/A,HIGH,S08A,Domain Composition / Z-PROF specification,"File size 24971 bytes, SHA256 26169c46aaac..."
FILE,DOCS/ZyGOV/CONSTITUTION/05-DOMAIN-COMPOSITION/Z-PROF/Z-PROF-D2.md,Z-PROF-D2.md,N/A,Z-PROF — D2-R3,N/A,**                   |,N/A,**                | Zyppi Constitutional Council                                                                            |,N/A,Zyppi,CANONICAL-ACTIVE,N/A,N/A,N/A,CONSTITUTION-DOMAIN-COMPOSITION,DOCS/CONSTITUTION/05-DOMAIN-COMPOSITION/Z-PROF/Z-PROF-D2.md,MOVE_TO_TARGET,N/A,HIGH,S08A,Domain Composition / Z-PROF specification,"File size 35061 bytes, SHA256 5c4f2a1000bd..."
FILE,DOCS/ZyGOV/CONSTITUTION/05-DOMAIN-COMPOSITION/Z-PROF/Z-PROF-D3.md,Z-PROF-D3.md,N/A,Z-PROF-D3 — Alternative Architectures,N/A,**                   | **CLOSED — FINDINGS RATIFIED**      |,N/A,**                | Zyppi Constitutional Council        |,N/A,Zyppi,CANONICAL-ACTIVE,N/A,N/A,N/A,CONSTITUTION-DOMAIN-COMPOSITION,DOCS/CONSTITUTION/05-DOMAIN-COMPOSITION/Z-PROF/Z-PROF-D3.md,MOVE_TO_TARGET,N/A,HIGH,S08A,Domain Composition / Z-PROF specification,"File size 26665 bytes, SHA256 7de4fac3c9eb..."
FILE,DOCS/ZyGOV/CONSTITUTION/05-DOMAIN-COMPOSITION/Z-PROF/Z-PROF-D4.md,Z-PROF-D4.md,N/A,Z-PROF-D4 — Future Application Stress Tests,N/A,**                   | **CLOSED — FINDINGS RATIFIED**                                                   |,**           | Constitutional Investigation / Ratified Findings                                 |,**                | Zyppi Constitutional Council                                                     |,N/A,Zyppi,CANONICAL-ACTIVE,**               | D1 — Constitutional Fit; D2 — Repository Reality; D3 — Alternative Architectures |,N/A,N/A,CONSTITUTION-DOMAIN-COMPOSITION,DOCS/CONSTITUTION/05-DOMAIN-COMPOSITION/Z-PROF/Z-PROF-D4.md,MOVE_TO_TARGET,N/A,HIGH,S08A,Domain Composition / Z-PROF specification,"File size 28257 bytes, SHA256 118b6a0610b8..."
FILE,DOCS/ZyGOV/CONSTITUTION/05-DOMAIN-COMPOSITION/Z-PROF/Z-PROF-D5-R2.md,Z-PROF-D5-R2.md,N/A,Z-PROF-D5 — Profile Composition & Interrogation,N/A,**,N/A,** Zyppi Constitutional Council **Disposition:**,** Z-PROF — Domain Composition Architecture **Dimension:** D5 — Profile Composition & Interrogation **Status:**,Zyppi,DUPLICATE,N/A,N/A,N/A,DUPLICATE,DOCS/ARCHIVE/DUPLICATES/Z-PROF-D5-R2.md,CONSOLIDATE_OR_DEPRECATE,DOCS/CAW/M08.5/Z-PROF-D5-R2.md,LOW,S14,Byte-identical SHA256 match with primary DOCS/CAW/M08.5/Z-PROF-D5-R2.md,"File size 33055 bytes, SHA256 c42d7721ccdd..."
FILE,DOCS/ZyGOV/CONSTITUTION/05-DOMAIN-COMPOSITION/Z-PROF/Z-PROF-D5-R3.md,Z-PROF-D5-R3.md,N/A,Z-PROF-D5-R3 — Profile Composition Model & Interrogation Algebra,N/A,**,** Constitutional Architecture / Composition Standard,** Zyppi Constitutional Council,N/A,Zyppi,DUPLICATE,N/A,** Prior D5-R3 draft/interrogation-slot formulations,N/A,DUPLICATE,DOCS/ARCHIVE/DUPLICATES/Z-PROF-D5-R3.md,CONSOLIDATE_OR_DEPRECATE,DOCS/CAW/M08.5/Z-PROF-D5-R3.md,LOW,S14,Byte-identical SHA256 match with primary DOCS/CAW/M08.5/Z-PROF-D5-R3.md,"File size 32188 bytes, SHA256 555356e0e457..."
FILE,DOCS/ZyGOV/CONSTITUTION/05-DOMAIN-COMPOSITION/Z-PROF/Z-PROF-D5-R4-R2.md,Z-PROF-D5-R4-R2.md,N/A,"Z-PROF-D5-R4-R2 — Lifecycle, Version Binding, Trust & Operation Semantics",N/A,** **DRAFT — FINAL TARGETED COUNCIL STRESS-TEST**,N/A,** Zyppi Constitutional Council,N/A,Zyppi,CANONICAL-ACTIVE,N/A,N/A,N/A,CONSTITUTION-DOMAIN-COMPOSITION,DOCS/CONSTITUTION/05-DOMAIN-COMPOSITION/Z-PROF/Z-PROF-D5-R4-R2.md,MOVE_TO_TARGET,N/A,HIGH,S08A,Domain Composition / Z-PROF specification,"File size 49517 bytes, SHA256 48232c59a71d..."
FILE,DOCS/ZyGOV/CONSTITUTION/05-DOMAIN-COMPOSITION/Z-PROF/Z-PROF-D5-R4-R3.md,Z-PROF-D5-R4-R3.md,N/A,Z-PROF-D5-R4-R3 — FINAL CLOSURE AMENDMENT,N/A,** **RATIFIED — SEMANTICALLY CLOSED**,N/A,** Zyppi Constitutional Council,N/A,Zyppi,CANONICAL-ACTIVE,N/A,N/A,N/A,CONSTITUTION-DOMAIN-COMPOSITION,DOCS/CONSTITUTION/05-DOMAIN-COMPOSITION/Z-PROF/Z-PROF-D5-R4-R3.md,MOVE_TO_TARGET,N/A,HIGH,S08A,Domain Composition / Z-PROF specification,"File size 14345 bytes, SHA256 283997e6d2a7..."
FILE,DOCS/ZyGOV/CONSTITUTION/05-DOMAIN-COMPOSITION/Z-PROF/Z-PROF-D5.md,Z-PROF-D5.md,N/A,Z-PROF — D5-R1,N/A,**                   |,N/A,**                | Zyppi Constitutional Council                                  |,N/A,Zyppi,CANONICAL-ACTIVE,**               | D1 — Constitutional Fit; D2-R3 — Existing Repository Reality  |,N/A,N/A,CONSTITUTION-DOMAIN-COMPOSITION,DOCS/CONSTITUTION/05-DOMAIN-COMPOSITION/Z-PROF/Z-PROF-D5.md,MOVE_TO_TARGET,N/A,HIGH,S08A,Domain Composition / Z-PROF specification,"File size 36553 bytes, SHA256 27884fe2288e..."
FILE,DOCS/ZyGOV/CONSTITUTION/08-INTERFACE-AND-IMPLEMENTATION-CONSTITUTIONS/DEV-ARCH/API-ARCHI-001.md,API-ARCHI-001.md,N/A,API-ARCH-PLAN-001,N/A,** **RATIFIED**,** Constitutional Architecture,** Layer 4 — Interface Architecture,N/A,Zyppi,CANONICAL-ACTIVE,N/A,N/A,N/A,CONSTITUTION-INTERFACE,DOCS/CONSTITUTION/08-INTERFACE-AND-IMPLEMENTATION-CONSTITUTIONS/DEV-ARCH/API-ARCHI-001.md,MOVE_TO_TARGET,N/A,HIGH,S09,Ratified Interface/Implementation constitution,"File size 3050 bytes, SHA256 440c1eaea9c2..."
FILE,DOCS/ZyGOV/CONSTITUTION/08-INTERFACE-AND-IMPLEMENTATION-CONSTITUTIONS/DEV-ARCH/CG-SPEC-001.md,CG-SPEC-001.md,N/A,CG-SPEC-001 — Capability Graph Constitution,N/A,** Ratified (Locked) **Version:** 1.0,N/A,N/A,N/A,Zyppi,CANONICAL-ACTIVE,N/A,N/A,N/A,CONSTITUTION-INTERFACE,DOCS/CONSTITUTION/08-INTERFACE-AND-IMPLEMENTATION-CONSTITUTIONS/DEV-ARCH/CG-SPEC-001.md,MOVE_TO_TARGET,N/A,HIGH,S09,Ratified Interface/Implementation constitution,"File size 22279 bytes, SHA256 2cc9ff573dc9..."
FILE,DOCS/ZyGOV/CONSTITUTION/08-INTERFACE-AND-IMPLEMENTATION-CONSTITUTIONS/DEV-ARCH/DEV-ARCH-001.md,DEV-ARCH-001.md,N/A,DEV-ARCH-001,N/A,** Normative Architecture Document,N/A,N/A,N/A,Zyppi,CANONICAL-ACTIVE,N/A,N/A,N/A,CONSTITUTION-INTERFACE,DOCS/CONSTITUTION/08-INTERFACE-AND-IMPLEMENTATION-CONSTITUTIONS/DEV-ARCH/DEV-ARCH-001.md,MOVE_TO_TARGET,N/A,HIGH,S09,Interface constitution document,"File size 6798 bytes, SHA256 d6e12e742315..."
FILE,DOCS/ZyGOV/CONSTITUTION/08-INTERFACE-AND-IMPLEMENTATION-CONSTITUTIONS/DEV-ARCH/Layer-4.md,Layer-4.md,N/A,Layer 4,N/A,N/A,N/A,N/A,N/A,Zyppi,CANONICAL-ACTIVE,N/A,N/A,N/A,CONSTITUTION-INTERFACE,DOCS/CONSTITUTION/08-INTERFACE-AND-IMPLEMENTATION-CONSTITUTIONS/DEV-ARCH/Layer-4.md,MOVE_TO_TARGET,N/A,HIGH,S09,Interface constitution document,"File size 4135 bytes, SHA256 c47b9fa82651..."
FILE,DOCS/ZyGOV/CONSTITUTION/08-INTERFACE-AND-IMPLEMENTATION-CONSTITUTIONS/DEV-ARCH/PLATFORM-SPEC-001.md,PLATFORM-SPEC-001.md,N/A,PLATFORM-SPEC-001,N/A,** Ratified Foundation Specification,N/A,N/A,N/A,Zyppi,CANONICAL-ACTIVE,**,N/A,N/A,CONSTITUTION-INTERFACE,DOCS/CONSTITUTION/08-INTERFACE-AND-IMPLEMENTATION-CONSTITUTIONS/DEV-ARCH/PLATFORM-SPEC-001.md,MOVE_TO_TARGET,N/A,HIGH,S09,Ratified Interface/Implementation constitution,"File size 29712 bytes, SHA256 e35554402c52..."
FILE,DOCS/ZyGOV/CONSTITUTION/08-INTERFACE-AND-IMPLEMENTATION-CONSTITUTIONS/DEV-ARCH/SDK-SPEC-001-v2.md,SDK-SPEC-001-v2.md,N/A,CRL-SDK-002 — SDK-SPEC-001-v2.md Constitutional Resolution Log,N/A,N/A,N/A,N/A,N/A,Zyppi,CANONICAL-ACTIVE,N/A,N/A,N/A,CONSTITUTION-INTERFACE,DOCS/CONSTITUTION/08-INTERFACE-AND-IMPLEMENTATION-CONSTITUTIONS/DEV-ARCH/SDK-SPEC-001-v2.md,MOVE_TO_TARGET,N/A,HIGH,S09,Ratified Interface/Implementation constitution,"File size 26535 bytes, SHA256 10a14318e1b5..."
FILE,DOCS/ZyGOV/CONSTITUTION/08-INTERFACE-AND-IMPLEMENTATION-CONSTITUTIONS/DEV-ARCH/SDK-SPEC-001.md,SDK-SPEC-001.md,N/A,SDK-SPEC-001 — Zyppi SDK Constitutional Specification,N/A,** Ratified Foundation,N/A,N/A,N/A,Zyppi,CANONICAL-ACTIVE,N/A,N/A,N/A,CONSTITUTION-INTERFACE,DOCS/CONSTITUTION/08-INTERFACE-AND-IMPLEMENTATION-CONSTITUTIONS/DEV-ARCH/SDK-SPEC-001.md,MOVE_TO_TARGET,N/A,HIGH,S09,Ratified Interface/Implementation constitution,"File size 231477 bytes, SHA256 f04320ec0f46..."
FILE,DOCS/ZyGOV/CONSTITUTION/08-INTERFACE-AND-IMPLEMENTATION-CONSTITUTIONS/DJ/DJ-001.md,DJ-001.md,N/A,DJ-001 — Developer Journey 001,N/A,"** Canonical Developer Journey **Depends On:** DEV-ARCH-001, ZRM, CL, ARM, PRJ, SEC, POL, RI **Constitutional Authority:** None (Developer documentation only)",N/A,** None (Developer documentation only),N/A,Zyppi,CANONICAL-ACTIVE,"** DEV-ARCH-001, ZRM, CL, ARM, PRJ, SEC, POL, RI **Constitutional Authority:** None (Developer documentation only)",N/A,N/A,CONSTITUTION-INTERFACE,DOCS/CONSTITUTION/08-INTERFACE-AND-IMPLEMENTATION-CONSTITUTIONS/DJ/DJ-001.md,MOVE_TO_TARGET,N/A,HIGH,S09,Interface constitution document,"File size 5782 bytes, SHA256 ddcbdbf8a491..."
FILE,DOCS/ZyGOV/CONSTITUTION/08-INTERFACE-AND-IMPLEMENTATION-CONSTITUTIONS/DJ/DJ-002.md,DJ-002.md,N/A,DJ-002 — Developer Journey 002,N/A,"** Canonical Developer Journey **Depends On:** DJ-001, DEV-ARCH-001, ZRM, ARM, PRJ, POL, SEC, RI",N/A,N/A,N/A,Zyppi,CANONICAL-ACTIVE,"** DJ-001, DEV-ARCH-001, ZRM, ARM, PRJ, POL, SEC, RI",N/A,N/A,CONSTITUTION-INTERFACE,DOCS/CONSTITUTION/08-INTERFACE-AND-IMPLEMENTATION-CONSTITUTIONS/DJ/DJ-002.md,MOVE_TO_TARGET,N/A,HIGH,S09,Interface constitution document,"File size 4117 bytes, SHA256 695d8536ca41..."
FILE,DOCS/ZyGOV/CONSTITUTION/08-INTERFACE-AND-IMPLEMENTATION-CONSTITUTIONS/DJ/DJ-003.md,DJ-003.md,N/A,DJ-003 — Developer Journey 003,N/A,"** Canonical Developer Journey **Depends On:** DJ-001, DJ-002, DEV-ARCH-001, ZRM, ARM, CL, POL, SEC, RI",N/A,N/A,N/A,Zyppi,CANONICAL-ACTIVE,"** DJ-001, DJ-002, DEV-ARCH-001, ZRM, ARM, CL, POL, SEC, RI",N/A,N/A,CONSTITUTION-INTERFACE,DOCS/CONSTITUTION/08-INTERFACE-AND-IMPLEMENTATION-CONSTITUTIONS/DJ/DJ-003.md,MOVE_TO_TARGET,N/A,HIGH,S09,Interface constitution document,"File size 5092 bytes, SHA256 1fed0dc301a9..."
FILE,DOCS/ZyGOV/CONSTITUTION/08-INTERFACE-AND-IMPLEMENTATION-CONSTITUTIONS/DJ/DJ-004.md,DJ-004.md,N/A,DJ-004 — Developer Journey 004,N/A,"** Canonical Developer Journey **Depends On:** DJ-001, DJ-002, DJ-003, DEV-ARCH-001, RSN, POL, SEC, RI",N/A,N/A,N/A,Zyppi,CANONICAL-ACTIVE,"** DJ-001, DJ-002, DJ-003, DEV-ARCH-001, RSN, POL, SEC, RI",N/A,N/A,CONSTITUTION-INTERFACE,DOCS/CONSTITUTION/08-INTERFACE-AND-IMPLEMENTATION-CONSTITUTIONS/DJ/DJ-004.md,MOVE_TO_TARGET,N/A,HIGH,S09,Interface constitution document,"File size 5189 bytes, SHA256 da39d3872322..."
FILE,DOCS/ZyGOV/CONSTITUTION/08-INTERFACE-AND-IMPLEMENTATION-CONSTITUTIONS/DJ/DJ-005.md,DJ-005.md,N/A,DJ-005 — Developer Journey 005,N/A,"** Canonical Developer Journey **Depends On:** DJ-001, DJ-002, DJ-003, DJ-004, DEV-ARCH-001, ZRM, ARM, PRJ, POL, SEC, RI",N/A,N/A,N/A,Zyppi,CANONICAL-ACTIVE,"** DJ-001, DJ-002, DJ-003, DJ-004, DEV-ARCH-001, ZRM, ARM, PRJ, POL, SEC, RI",N/A,N/A,CONSTITUTION-INTERFACE,DOCS/CONSTITUTION/08-INTERFACE-AND-IMPLEMENTATION-CONSTITUTIONS/DJ/DJ-005.md,MOVE_TO_TARGET,N/A,HIGH,S09,Interface constitution document,"File size 5449 bytes, SHA256 fd3685fb7ba5..."
FILE,DOCS/ZyGOV/CONSTITUTION/08-INTERFACE-AND-IMPLEMENTATION-CONSTITUTIONS/DJ/DJ-006.md,DJ-006.md,N/A,DJ-006 — Developer Journey 006,N/A,"** Canonical Developer Journey **Depends On:** DJ-001, DJ-002, DJ-003, DEV-ARCH-001, ZRM, ARM, PRJ, POL, SEC, RI",N/A,N/A,N/A,Zyppi,CANONICAL-ACTIVE,"** DJ-001, DJ-002, DJ-003, DEV-ARCH-001, ZRM, ARM, PRJ, POL, SEC, RI",N/A,N/A,CONSTITUTION-INTERFACE,DOCS/CONSTITUTION/08-INTERFACE-AND-IMPLEMENTATION-CONSTITUTIONS/DJ/DJ-006.md,MOVE_TO_TARGET,N/A,HIGH,S09,Interface constitution document,"File size 6238 bytes, SHA256 575e24af3b2c..."
FILE,DOCS/ZyGOV/CONSTITUTION/08-INTERFACE-AND-IMPLEMENTATION-CONSTITUTIONS/DJ/DJ-007.md,DJ-007.md,N/A,DJ-007 — Developer Journey 7,N/A,** Draft v1.0,** Developer Journey **Layer:** Layer 4 — Developer Platform **Status:** Draft v1.0,N/A,N/A,Zyppi,DRAFT,N/A,N/A,N/A,CONSTITUTION-INTERFACE,DOCS/CONSTITUTION/08-INTERFACE-AND-IMPLEMENTATION-CONSTITUTIONS/DJ/DJ-007.md,MOVE_TO_TARGET,N/A,HIGH,S09,Interface constitution draft/prep file,"File size 6451 bytes, SHA256 b824d4e91147..."
FILE,DOCS/ZyGOV/CONSTITUTION/08-INTERFACE-AND-IMPLEMENTATION-CONSTITUTIONS/DJ/DJ-008.md,DJ-008.md,N/A,DJ-008 — Developer Journey 008,N/A,"** Canonical Developer Journey **Depends On:** DJ-001 through DJ-007, DEV-ARCH-001, FED Series, POL, SEC, RI",N/A,N/A,N/A,Zyppi,CANONICAL-ACTIVE,"** DJ-001 through DJ-007, DEV-ARCH-001, FED Series, POL, SEC, RI",N/A,N/A,CONSTITUTION-INTERFACE,DOCS/CONSTITUTION/08-INTERFACE-AND-IMPLEMENTATION-CONSTITUTIONS/DJ/DJ-008.md,MOVE_TO_TARGET,N/A,HIGH,S09,Interface constitution document,"File size 6326 bytes, SHA256 8b1a6492926b..."
FILE,DOCS/ZyGOV/CONSTITUTION/08-INTERFACE-AND-IMPLEMENTATION-CONSTITUTIONS/DJ/DJ-009.md,DJ-009.md,N/A,DJ-009 — Developer Journey 009,N/A,"** Canonical Developer Journey **Depends On:** DJ-001 through DJ-008, DEV-ARCH-001, MARKETPLACE-SPEC-001, SDK-SPEC-001, PLUGIN-SPEC-001, SEC, POL",N/A,N/A,N/A,Zyppi,CANONICAL-ACTIVE,"** DJ-001 through DJ-008, DEV-ARCH-001, MARKETPLACE-SPEC-001, SDK-SPEC-001, PLUGIN-SPEC-001, SEC, POL",N/A,N/A,CONSTITUTION-INTERFACE,DOCS/CONSTITUTION/08-INTERFACE-AND-IMPLEMENTATION-CONSTITUTIONS/DJ/DJ-009.md,MOVE_TO_TARGET,N/A,HIGH,S09,Interface constitution document,"File size 6755 bytes, SHA256 58c016b6614c..."
FILE,DOCS/ZyGOV/CONSTITUTION/08-INTERFACE-AND-IMPLEMENTATION-CONSTITUTIONS/EXP/EXP-001.md,EXP-001.md,N/A,EXP-001 — Experience Constitution,N/A,N/A,N/A,N/A,N/A,Zyppi,CANONICAL-ACTIVE,N/A,N/A,N/A,CONSTITUTION-INTERFACE,DOCS/CONSTITUTION/08-INTERFACE-AND-IMPLEMENTATION-CONSTITUTIONS/EXP/EXP-001.md,MOVE_TO_TARGET,N/A,HIGH,S09,Ratified Interface/Implementation constitution,"File size 9509 bytes, SHA256 b9fad8e378c2..."
FILE,DOCS/ZyGOV/CONSTITUTION/08-INTERFACE-AND-IMPLEMENTATION-CONSTITUTIONS/ZII/ZII-PREP-All.md.txt,ZII-PREP-All.md.txt,N/A,ZII-PREP — Zyppi Interaction Infrastructure Preparation & Reconciliation,N/A,N/A,N/A,N/A,N/A,Zyppi,CANONICAL-ACTIVE,N/A,N/A,N/A,CONSTITUTION-INTERFACE,DOCS/CONSTITUTION/08-INTERFACE-AND-IMPLEMENTATION-CONSTITUTIONS/ZII/ZII-PREP-All.md.txt,MOVE_TO_TARGET,N/A,HIGH,S10,Ratified Interface/Implementation constitution,"File size 147410 bytes, SHA256 cad6c5d4e3b7..."
FILE,DOCS/ZyGOV/CONSTITUTION/08-INTERFACE-AND-IMPLEMENTATION-CONSTITUTIONS/ZII/ZII-PREP-B.md,ZII-PREP-B.md,N/A,ZII-PREP-B — Constitutional Ownership Audit,N/A,N/A,N/A,N/A,N/A,Zyppi,CANONICAL-ACTIVE,N/A,N/A,N/A,CONSTITUTION-INTERFACE,DOCS/CONSTITUTION/08-INTERFACE-AND-IMPLEMENTATION-CONSTITUTIONS/ZII/ZII-PREP-B.md,MOVE_TO_TARGET,N/A,HIGH,S10,Ratified Interface/Implementation constitution,"File size 29643 bytes, SHA256 3d44bf6cc690..."
FILE,DOCS/ZyGOV/CONSTITUTION/08-INTERFACE-AND-IMPLEMENTATION-CONSTITUTIONS/ZII/ZII-PREP-C.md,ZII-PREP-C.md,N/A,ZII-PREP-C — zTOUCH / zTouch Envelope Constitutional Collision Audit,N/A,N/A,N/A,N/A,N/A,Zyppi,CANONICAL-ACTIVE,N/A,N/A,N/A,CONSTITUTION-INTERFACE,DOCS/CONSTITUTION/08-INTERFACE-AND-IMPLEMENTATION-CONSTITUTIONS/ZII/ZII-PREP-C.md,MOVE_TO_TARGET,N/A,HIGH,S10,Ratified Interface/Implementation constitution,"File size 38393 bytes, SHA256 430b255c5c9a..."
FILE,DOCS/ZyGOV/CONSTITUTION/08-INTERFACE-AND-IMPLEMENTATION-CONSTITUTIONS/ZII/ZII-PREP-D.md,ZII-PREP-D.md,N/A,ZII-PREP-D — CEngS Layer Eligibility & Monorepo Governance Audit,N/A,N/A,N/A,N/A,N/A,Zyppi,CANONICAL-ACTIVE,N/A,N/A,N/A,CONSTITUTION-INTERFACE,DOCS/CONSTITUTION/08-INTERFACE-AND-IMPLEMENTATION-CONSTITUTIONS/ZII/ZII-PREP-D.md,MOVE_TO_TARGET,N/A,HIGH,S10,Ratified Interface/Implementation constitution,"File size 24272 bytes, SHA256 fed64e5f6940..."
FILE,DOCS/ZyGOV/CONSTITUTION/08-INTERFACE-AND-IMPLEMENTATION-CONSTITUTIONS/ZII/ZII-PREP-E.md,ZII-PREP-E.md,N/A,ZII-PREP-E — Sibling Standards Stress Test,N/A,N/A,N/A,N/A,N/A,Zyppi,CANONICAL-ACTIVE,N/A,N/A,N/A,CONSTITUTION-INTERFACE,DOCS/CONSTITUTION/08-INTERFACE-AND-IMPLEMENTATION-CONSTITUTIONS/ZII/ZII-PREP-E.md,MOVE_TO_TARGET,N/A,HIGH,S10,Ratified Interface/Implementation constitution,"File size 31948 bytes, SHA256 c1ca96b9b147..."
FILE,DOCS/ZyGOV/CONSTITUTION/08-INTERFACE-AND-IMPLEMENTATION-CONSTITUTIONS/ZII/ZII-PREP-F.md,ZII-PREP-F.md,N/A,ZII-PREP-F — ZQE Entry Contract,N/A,N/A,N/A,N/A,N/A,Zyppi,CANONICAL-ACTIVE,N/A,N/A,N/A,CONSTITUTION-INTERFACE,DOCS/CONSTITUTION/08-INTERFACE-AND-IMPLEMENTATION-CONSTITUTIONS/ZII/ZII-PREP-F.md,MOVE_TO_TARGET,N/A,HIGH,S10,Ratified Interface/Implementation constitution,"File size 34698 bytes, SHA256 4a067f3d752f..."
FILE,DOCS/ZyGOV/CONSTITUTION/08-INTERFACE-AND-IMPLEMENTATION-CONSTITUTIONS/ZII/ZII-PREP.md,ZII-PREP.md,N/A,ZII-PREP — Zyppi Interaction Infrastructure Preparation & Reconciliation,N/A,N/A,N/A,N/A,N/A,Zyppi,CANONICAL-ACTIVE,N/A,N/A,N/A,CONSTITUTION-INTERFACE,DOCS/CONSTITUTION/08-INTERFACE-AND-IMPLEMENTATION-CONSTITUTIONS/ZII/ZII-PREP.md,MOVE_TO_TARGET,N/A,HIGH,S10,Ratified Interface/Implementation constitution,"File size 21722 bytes, SHA256 f4640dab38b2..."
FILE,DOCS/ZyGOV/CONSTITUTION/08-INTERFACE-AND-IMPLEMENTATION-CONSTITUTIONS/ZII/ZQE/ZQE QR Engineering Manual v0.2.md,ZQE QR Engineering Manual v0.2.md,N/A,ZQE QR Engineering Manual v0.2 (Corrective),N/A,N/A,N/A,N/A,N/A,Zyppi,CANONICAL-ACTIVE,N/A,N/A,N/A,CONSTITUTION-INTERFACE,DOCS/CONSTITUTION/08-INTERFACE-AND-IMPLEMENTATION-CONSTITUTIONS/ZII/ZQE/ZQE QR Engineering Manual v0.2.md,MOVE_TO_TARGET,N/A,HIGH,S10,Ratified Interface/Implementation constitution,"File size 15874 bytes, SHA256 cbbd1851c483..."
FILE,DOCS/ZyGOV/CONSTITUTION/08-INTERFACE-AND-IMPLEMENTATION-CONSTITUTIONS/ZII/ZQE/ZQE-001-v0.1-CANDIDATE.md,ZQE-001-v0.1-CANDIDATE.md,N/A,ZQE-001 — QR Engine Specification / FQR-1,N/A,**,N/A,**,N/A,Zyppi,CANONICAL-ACTIVE,**,**,N/A,CONSTITUTION-INTERFACE,DOCS/CONSTITUTION/08-INTERFACE-AND-IMPLEMENTATION-CONSTITUTIONS/ZII/ZQE/ZQE-001-v0.1-CANDIDATE.md,MOVE_TO_TARGET,N/A,HIGH,S10,Ratified Interface/Implementation constitution,"File size 27740 bytes, SHA256 54f69dd97560..."
FILE,DOCS/ZyGOV/CONSTITUTION/08-INTERFACE-AND-IMPLEMENTATION-CONSTITUTIONS/ZII/ZQE/ZQE-001-v0.2-CANDIDATE.md,ZQE-001-v0.2-CANDIDATE.md,N/A,ZQE-001 — QR Engine Specification / FQR-1,N/A,**,N/A,**,N/A,Zyppi,CANONICAL-ACTIVE,**,**,N/A,CONSTITUTION-INTERFACE,DOCS/CONSTITUTION/08-INTERFACE-AND-IMPLEMENTATION-CONSTITUTIONS/ZII/ZQE/ZQE-001-v0.2-CANDIDATE.md,MOVE_TO_TARGET,N/A,HIGH,S10,Ratified Interface/Implementation constitution,"File size 32280 bytes, SHA256 770b869d7541..."
FILE,DOCS/ZyGOV/CONSTITUTION/08-INTERFACE-AND-IMPLEMENTATION-CONSTITUTIONS/ZII/ZQE/ZQE-001-v0.3-CANDIDATE.md,ZQE-001-v0.3-CANDIDATE.md,N/A,ZQE-001 — QR Engine Specification / FQR-1,N/A,**,N/A,**,N/A,Zyppi,CANONICAL-ACTIVE,**,**,N/A,CONSTITUTION-INTERFACE,DOCS/CONSTITUTION/08-INTERFACE-AND-IMPLEMENTATION-CONSTITUTIONS/ZII/ZQE/ZQE-001-v0.3-CANDIDATE.md,MOVE_TO_TARGET,N/A,HIGH,S10,Ratified Interface/Implementation constitution,"File size 32969 bytes, SHA256 3983226ec60d..."
FILE,DOCS/ZyGOV/CONSTITUTION/08-INTERFACE-AND-IMPLEMENTATION-CONSTITUTIONS/ZII/ZQE/ZQE-001-v1.0-RATIFIED.md,ZQE-001-v1.0-RATIFIED.md,N/A,ZQE-001 — QR Engine Specification / FQR-1,N/A,**,N/A,**,N/A,Zyppi,CANONICAL-ACTIVE,**,**,N/A,CONSTITUTION-INTERFACE,DOCS/CONSTITUTION/08-INTERFACE-AND-IMPLEMENTATION-CONSTITUTIONS/ZII/ZQE/ZQE-001-v1.0-RATIFIED.md,MOVE_TO_TARGET,N/A,HIGH,S10,Ratified Interface/Implementation constitution,"File size 34473 bytes, SHA256 b8f4a994c3eb..."
FILE,DOCS/ZyGOV/CONSTITUTION/08-INTERFACE-AND-IMPLEMENTATION-CONSTITUTIONS/ZII/ZQE/ZQE-M00-CLOSURE-READINESS-v0.1.md,ZQE-M00-CLOSURE-READINESS-v0.1.md,N/A,ZQE-M00 CLOSURE — Readiness & Finalization Record,N/A,**,N/A,**,N/A,Zyppi,CANONICAL-ACTIVE,N/A,N/A,N/A,CONSTITUTION-INTERFACE,DOCS/CONSTITUTION/08-INTERFACE-AND-IMPLEMENTATION-CONSTITUTIONS/ZII/ZQE/ZQE-M00-CLOSURE-READINESS-v0.1.md,MOVE_TO_TARGET,N/A,HIGH,S10,Ratified Interface/Implementation constitution,"File size 11074 bytes, SHA256 46500542c5b9..."
FILE,DOCS/ZyGOV/CONSTITUTION/08-INTERFACE-AND-IMPLEMENTATION-CONSTITUTIONS/ZII/ZQE/ZQE-M00-CLOSURE-READINESS-v0.2.md,ZQE-M00-CLOSURE-READINESS-v0.2.md,N/A,ZQE-M00 CLOSURE — Readiness & Finalization Record,N/A,**,N/A,**,N/A,Zyppi,CANONICAL-ACTIVE,N/A,N/A,N/A,CONSTITUTION-INTERFACE,DOCS/CONSTITUTION/08-INTERFACE-AND-IMPLEMENTATION-CONSTITUTIONS/ZII/ZQE/ZQE-M00-CLOSURE-READINESS-v0.2.md,MOVE_TO_TARGET,N/A,HIGH,S10,Ratified Interface/Implementation constitution,"File size 10915 bytes, SHA256 457edb8260e0..."
FILE,DOCS/ZyGOV/CONSTITUTION/08-INTERFACE-AND-IMPLEMENTATION-CONSTITUTIONS/ZII/ZQE/ZQE-M00-SRR-v0.2-READY-FOR-CHAIR.md,ZQE-M00-SRR-v0.2-READY-FOR-CHAIR.md,N/A,ZQE-M00-SRR — FQR Standard-Readiness Review,N/A,**,N/A,N/A,N/A,Zyppi,CANONICAL-ACTIVE,N/A,N/A,N/A,CONSTITUTION-INTERFACE,DOCS/CONSTITUTION/08-INTERFACE-AND-IMPLEMENTATION-CONSTITUTIONS/ZII/ZQE/ZQE-M00-SRR-v0.2-READY-FOR-CHAIR.md,MOVE_TO_TARGET,N/A,HIGH,S10,Ratified Interface/Implementation constitution,"File size 14060 bytes, SHA256 b0782ccf43da..."
FILE,DOCS/ZyGOV/CONSTITUTION/08-INTERFACE-AND-IMPLEMENTATION-CONSTITUTIONS/ZII/ZQE/ZQE-M00-SRR-v1.0-CLOSED-PASS-1.md,ZQE-M00-SRR-v1.0-CLOSED-PASS-1.md,N/A,ZQE-M00-SRR — FQR Standard-Readiness Review,N/A,**,N/A,N/A,N/A,Zyppi,CANONICAL-ACTIVE,N/A,N/A,N/A,CONSTITUTION-INTERFACE,DOCS/CONSTITUTION/08-INTERFACE-AND-IMPLEMENTATION-CONSTITUTIONS/ZII/ZQE/ZQE-M00-SRR-v1.0-CLOSED-PASS-1.md,MOVE_TO_TARGET,N/A,HIGH,S10,Ratified Interface/Implementation constitution,"File size 14786 bytes, SHA256 b3b11090e3ad..."
FILE,DOCS/ZyGOV/CONSTITUTION/08-INTERFACE-AND-IMPLEMENTATION-CONSTITUTIONS/ZII/ZQE/ZQE-M00-SRR-v1.0-CLOSED-PASS.md,ZQE-M00-SRR-v1.0-CLOSED-PASS.md,N/A,ZQE-M00-SRR-v1.0-CLOSED-PASS.md,N/A,N/A,N/A,N/A,N/A,N/A,DUPLICATE,N/A,N/A,N/A,DUPLICATE,DOCS/ARCHIVE/DUPLICATES/ZQE-M00-SRR-v1.0-CLOSED-PASS.md,CONSOLIDATE_OR_DEPRECATE,DOCS/CAW/AMS/AMS-0309.md,LOW,S14,Byte-identical SHA256 match with primary DOCS/CAW/AMS/AMS-0309.md,"File size 0 bytes, SHA256 e3b0c44298fc..."
FILE,DOCS/ZyGOV/CONSTITUTION/08-INTERFACE-AND-IMPLEMENTATION-CONSTITUTIONS/ZII/ZQE/ZQE-M00.md,ZQE-M00.md,N/A,ZQE-M00 — FQR Entry Freeze,N/A,N/A,N/A,N/A,N/A,Zyppi,CANONICAL-ACTIVE,N/A,N/A,N/A,CONSTITUTION-INTERFACE,DOCS/CONSTITUTION/08-INTERFACE-AND-IMPLEMENTATION-CONSTITUTIONS/ZII/ZQE/ZQE-M00.md,MOVE_TO_TARGET,N/A,HIGH,S10,Ratified Interface/Implementation constitution,"File size 20915 bytes, SHA256 81b44ec462cb..."
FILE,DOCS/ZyGOV/CONSTITUTION/08-INTERFACE-AND-IMPLEMENTATION-CONSTITUTIONS/ZII/ZQE/ZQE-PLAN-v0.2-RATIFICATION-RECORD.md,ZQE-PLAN-v0.2-RATIFICATION-RECORD.md,N/A,ZQE-PLAN v0.2 — Ratification Record,N/A,**,N/A,**,N/A,Zyppi,DUPLICATE,N/A,N/A,N/A,DUPLICATE,DOCS/ARCHIVE/DUPLICATES/ZQE-PLAN-v0.2-RATIFICATION-RECORD.md,CONSOLIDATE_OR_DEPRECATE,DOCS/ZII/ZQE/ZQE-PLAN-v0.2-RATIFICATION-RECORD.md,LOW,S14,Byte-identical SHA256 match with primary DOCS/ZII/ZQE/ZQE-PLAN-v0.2-RATIFICATION-RECORD.md,"File size 2392 bytes, SHA256 8e0b0aa2ad23..."
FILE,DOCS/ZyGOV/CONSTITUTION/08-INTERFACE-AND-IMPLEMENTATION-CONSTITUTIONS/ZII/ZQE/ZQE-PLAN.md,ZQE-PLAN.md,N/A,ZQE-PLAN — First QR Vertical Slice Roadmap,N/A,N/A,N/A,N/A,N/A,Zyppi,CANONICAL-ACTIVE,N/A,N/A,N/A,CONSTITUTION-INTERFACE,DOCS/CONSTITUTION/08-INTERFACE-AND-IMPLEMENTATION-CONSTITUTIONS/ZII/ZQE/ZQE-PLAN.md,MOVE_TO_TARGET,N/A,HIGH,S10,Ratified Interface/Implementation constitution,"File size 38044 bytes, SHA256 4a22dac9af7a..."
FILE,DOCS/ZyGOV/CONSTITUTION/08-INTERFACE-AND-IMPLEMENTATION-CONSTITUTIONS/ZII/ZQE/ZQE_QR_Engineering_Manual_v0.3_Cleanroom.md,ZQE_QR_Engineering_Manual_v0.3_Cleanroom.md,N/A,ZQE QR Engineering Manual v0.3,N/A,** Engineering Companion,N/A,** This manual is not a substitute for ISO/IEC 18004:2024 and does not independently establish legal or normative conformance. It is a clean-room engineering companion built from public technical material and permissively licensed reference implementations.,N/A,Zyppi,CANONICAL-ACTIVE,N/A,N/A,N/A,CONSTITUTION-INTERFACE,DOCS/CONSTITUTION/08-INTERFACE-AND-IMPLEMENTATION-CONSTITUTIONS/ZII/ZQE/ZQE_QR_Engineering_Manual_v0.3_Cleanroom.md,MOVE_TO_TARGET,N/A,HIGH,S10,Ratified Interface/Implementation constitution,"File size 49124 bytes, SHA256 cf2d75aba079..."
FILE,DOCS/ZyGOV/CONSTITUTION/08-INTERFACE-AND-IMPLEMENTATION-CONSTITUTIONS/ZRR/ZRR-CQ-01-REALITY-RESOLUTION-COUNCIL-MANDATE.md,ZRR-CQ-01-REALITY-RESOLUTION-COUNCIL-MANDATE.md,N/A,ZRR-CQ-01 — Reality Resolution Infrastructure,N/A,** **AUTHORIZED — INDEPENDENT COUNCIL RECONNAISSANCE**,N/A,"** Chair, Zyppi Constitutional Council",N/A,Zyppi,CANONICAL-ACTIVE,N/A,N/A,N/A,CONSTITUTION-INTERFACE,DOCS/CONSTITUTION/08-INTERFACE-AND-IMPLEMENTATION-CONSTITUTIONS/ZRR/ZRR-CQ-01-REALITY-RESOLUTION-COUNCIL-MANDATE.md,MOVE_TO_TARGET,N/A,HIGH,S09,Ratified Interface/Implementation constitution,"File size 36118 bytes, SHA256 4dbe6920af73..."
FILE,DOCS/ZyGOV/CONSTITUTION/08-INTERFACE-AND-IMPLEMENTATION-CONSTITUTIONS/ZRR/ZYPPI-ROUTING-NORTH-STAR.md,ZYPPI-ROUTING-NORTH-STAR.md,N/A,Zyppi Routing North Star,N/A,** **CHAIR STRATEGIC NORTH STAR — NON-RATIFIED**,** Strategic Architecture Direction,** NONE,N/A,Zyppi,CANONICAL-ACTIVE,N/A,N/A,N/A,CONSTITUTION-INTERFACE,DOCS/CONSTITUTION/08-INTERFACE-AND-IMPLEMENTATION-CONSTITUTIONS/ZRR/ZYPPI-ROUTING-NORTH-STAR.md,MOVE_TO_TARGET,N/A,HIGH,S09,Ratified Interface/Implementation constitution,"File size 31179 bytes, SHA256 2f3aa3741781..."
FILE,DOCS/ZyGOV/CONSTITUTION/08-INTERFACE-AND-IMPLEMENTATION-CONSTITUTIONS/ZT/ZT-001.md,ZT-001.md,N/A,ZT-001 — Zyppi Touch Constitution,N/A,** LOCKED & RATIFIED,N/A,N/A,N/A,Zyppi,CANONICAL-ACTIVE,N/A,N/A,N/A,CONSTITUTION-INTERFACE,DOCS/CONSTITUTION/08-INTERFACE-AND-IMPLEMENTATION-CONSTITUTIONS/ZT/ZT-001.md,MOVE_TO_TARGET,N/A,HIGH,S09,Ratified Interface/Implementation constitution,"File size 7561 bytes, SHA256 9e28b2ed7b03..."
FILE,DOCS/ZyGOV/CONSTITUTION/08-INTERFACE-AND-IMPLEMENTATION-CONSTITUTIONS/ZYAPI/ZYAPI.md,ZYAPI.md,N/A,ZYAPI,N/A,**        | Strategic Product & Developer Experience Bible                                                                     |,N/A,N/A,N/A,Zyppi,CANONICAL-ACTIVE,N/A,N/A,N/A,CONSTITUTION-INTERFACE,DOCS/CONSTITUTION/08-INTERFACE-AND-IMPLEMENTATION-CONSTITUTIONS/ZYAPI/ZYAPI.md,MOVE_TO_TARGET,N/A,HIGH,S09,Ratified Interface/Implementation constitution,"File size 29658 bytes, SHA256 d00994167c85..."
FILE,DOCS/ZyGOV/CONSTITUTION/08-INTERFACE-AND-IMPLEMENTATION-CONSTITUTIONS/ZyUX/ZyUX-000-v1.0-RATIFIED-FINAL.md,ZyUX-000-v1.0-RATIFIED-FINAL.md,N/A,ZyUX-000 — Unfict Experience Architecture & Master Doctrine,N/A,** **RATIFIED — FINAL**,** Foundational Product / UX / Experience Doctrine,**,**,Transition/Both,CANONICAL-ACTIVE,N/A,N/A,N/A,CONSTITUTION-INTERFACE,DOCS/CONSTITUTION/08-INTERFACE-AND-IMPLEMENTATION-CONSTITUTIONS/ZyUX/ZyUX-000-v1.0-RATIFIED-FINAL.md,MOVE_TO_TARGET,N/A,HIGH,S09,Ratified Interface/Implementation constitution,"File size 15588 bytes, SHA256 6039a38a2159..."
FILE,DOCS/ZyGOV/CONSTITUTION/08-INTERFACE-AND-IMPLEMENTATION-CONSTITUTIONS/ZyUX/ZyUX-001-v1.0-RATIFIED-FINAL.md,ZyUX-001-v1.0-RATIFIED-FINAL.md,N/A,"ZyUX-001 — Identity, Account & Entry Experience",N/A,** **RATIFIED — FINAL**,** Horizontal Experience Doctrine,**,**,Transition/Both,CANONICAL-ACTIVE,N/A,N/A,N/A,CONSTITUTION-INTERFACE,DOCS/CONSTITUTION/08-INTERFACE-AND-IMPLEMENTATION-CONSTITUTIONS/ZyUX/ZyUX-001-v1.0-RATIFIED-FINAL.md,MOVE_TO_TARGET,N/A,HIGH,S09,Ratified Interface/Implementation constitution,"File size 12086 bytes, SHA256 ec55f7c6189c..."
FILE,DOCS/ZyGOV/CONSTITUTION/08-INTERFACE-AND-IMPLEMENTATION-CONSTITUTIONS/ZyUX/ZyUX-002-v1.0-RATIFIED-FINAL.md,ZyUX-002-v1.0-RATIFIED-FINAL.md,N/A,"ZyUX-002 — Organization, Relationship, Scope & Delegation Experience",N/A,** **RATIFIED — FINAL**,** Horizontal Experience Doctrine,**,**,Transition/Both,CANONICAL-ACTIVE,N/A,N/A,N/A,CONSTITUTION-INTERFACE,DOCS/CONSTITUTION/08-INTERFACE-AND-IMPLEMENTATION-CONSTITUTIONS/ZyUX/ZyUX-002-v1.0-RATIFIED-FINAL.md,MOVE_TO_TARGET,N/A,HIGH,S09,Ratified Interface/Implementation constitution,"File size 9905 bytes, SHA256 5af2fa14497f..."
FILE,DOCS/ZyGOV/CONSTITUTION/08-INTERFACE-AND-IMPLEMENTATION-CONSTITUTIONS/ZyUX/ZyUX-003-v1.0-RATIFIED-FINAL.md,ZyUX-003-v1.0-RATIFIED-FINAL.md,N/A,ZyUX-003 — Contextual Navigation & Capability Disclosure,N/A,** **RATIFIED — FINAL**,** Horizontal Experience Doctrine,**,**,Transition/Both,CANONICAL-ACTIVE,N/A,N/A,N/A,CONSTITUTION-INTERFACE,DOCS/CONSTITUTION/08-INTERFACE-AND-IMPLEMENTATION-CONSTITUTIONS/ZyUX/ZyUX-003-v1.0-RATIFIED-FINAL.md,MOVE_TO_TARGET,N/A,HIGH,S09,Ratified Interface/Implementation constitution,"File size 9369 bytes, SHA256 f146bbaa5938..."
FILE,DOCS/ZyGOV/CONSTITUTION/08-INTERFACE-AND-IMPLEMENTATION-CONSTITUTIONS/ZyUX/ZyUX-004-v1.0-RATIFIED-FINAL.md,ZyUX-004-v1.0-RATIFIED-FINAL.md,N/A,"ZyUX-004 — Explanation, Evidence, Trust & Receipt Experience",N/A,** **RATIFIED — FINAL**,** Horizontal Experience Doctrine,**,**,Transition/Both,CANONICAL-ACTIVE,N/A,N/A,N/A,CONSTITUTION-INTERFACE,DOCS/CONSTITUTION/08-INTERFACE-AND-IMPLEMENTATION-CONSTITUTIONS/ZyUX/ZyUX-004-v1.0-RATIFIED-FINAL.md,MOVE_TO_TARGET,N/A,HIGH,S09,Ratified Interface/Implementation constitution,"File size 8056 bytes, SHA256 3360a16e6b0f..."
FILE,DOCS/ZyGOV/CONSTITUTION/08-INTERFACE-AND-IMPLEMENTATION-CONSTITUTIONS/ZyUX/ZyUX-005-v1.0-RATIFIED-FINAL.md,ZyUX-005-v1.0-RATIFIED-FINAL.md,N/A,ZyUX-005 — Host-Native Experience,N/A,** **RATIFIED — FINAL**,** Horizontal Experience Doctrine,**,**,Transition/Both,CANONICAL-ACTIVE,N/A,N/A,N/A,CONSTITUTION-INTERFACE,DOCS/CONSTITUTION/08-INTERFACE-AND-IMPLEMENTATION-CONSTITUTIONS/ZyUX/ZyUX-005-v1.0-RATIFIED-FINAL.md,MOVE_TO_TARGET,N/A,HIGH,S09,Ratified Interface/Implementation constitution,"File size 8648 bytes, SHA256 8d31ee772e0c..."
FILE,DOCS/ZyGOV/CONSTITUTION/08-INTERFACE-AND-IMPLEMENTATION-CONSTITUTIONS/ZyUX/ZyUX-006-v1.0-RATIFIED-FINAL.md,ZyUX-006-v1.0-RATIFIED-FINAL.md,N/A,"ZyUX-006 — Lifecycle, Offboarding, Recovery & Historical Experience",N/A,** **RATIFIED — FINAL**,** Horizontal Experience Doctrine,**,**,Transition/Both,CANONICAL-ACTIVE,N/A,N/A,N/A,CONSTITUTION-INTERFACE,DOCS/CONSTITUTION/08-INTERFACE-AND-IMPLEMENTATION-CONSTITUTIONS/ZyUX/ZyUX-006-v1.0-RATIFIED-FINAL.md,MOVE_TO_TARGET,N/A,HIGH,S09,Ratified Interface/Implementation constitution,"File size 11131 bytes, SHA256 47e8add5a07f..."
FILE,DOCS/ZyGOV/CONSTITUTION/08-INTERFACE-AND-IMPLEMENTATION-CONSTITUTIONS/ZyUX/ZyUX-FOUNDATION-RATIFICATION-001.md,ZyUX-FOUNDATION-RATIFICATION-001.md,N/A,ZyUX-FOUNDATION-RATIFICATION-001,N/A,** **RATIFIED — FINAL / FOUNDATION CLOSED**,N/A,**,**,Transition/Both,CANONICAL-ACTIVE,N/A,N/A,N/A,CONSTITUTION-INTERFACE,DOCS/CONSTITUTION/08-INTERFACE-AND-IMPLEMENTATION-CONSTITUTIONS/ZyUX/ZyUX-FOUNDATION-RATIFICATION-001.md,MOVE_TO_TARGET,N/A,HIGH,S09,Ratified Interface/Implementation constitution,"File size 5553 bytes, SHA256 4f30190709c4..."
FILE,DOCS/ZyGOV/CONSTITUTION/08-INTERFACE-AND-IMPLEMENTATION-CONSTITUTIONS/ZyUX/ZyUX-v1.0-RATIFICATION-VALIDATION.txt,ZyUX-v1.0-RATIFICATION-VALIDATION.txt,N/A,ZyUX-v1.0-RATIFICATION-VALIDATION.txt,N/A,N/A,N/A,N/A,N/A,Transition/Both,CANONICAL-ACTIVE,N/A,N/A,N/A,CONSTITUTION-INTERFACE,DOCS/CONSTITUTION/08-INTERFACE-AND-IMPLEMENTATION-CONSTITUTIONS/ZyUX/ZyUX-v1.0-RATIFICATION-VALIDATION.txt,MOVE_TO_TARGET,N/A,HIGH,S09,Ratified Interface/Implementation constitution,"File size 633 bytes, SHA256 2d0e168f90e4..."
FILE,DOCS/ZyGOV/CONSTITUTION/08-INTERFACE-AND-IMPLEMENTATION-CONSTITUTIONS/ZyUX/ZyUX-v1.0-RATIFIED-MANIFEST.md,ZyUX-v1.0-RATIFIED-MANIFEST.md,N/A,ZyUX v1.0 — Ratified Manifest,N/A,** RATIFIED — FINAL,N/A,N/A,N/A,Unfict,CANONICAL-ACTIVE,N/A,N/A,N/A,CONSTITUTION-INTERFACE,DOCS/CONSTITUTION/08-INTERFACE-AND-IMPLEMENTATION-CONSTITUTIONS/ZyUX/ZyUX-v1.0-RATIFIED-MANIFEST.md,MOVE_TO_TARGET,N/A,HIGH,S09,Ratified Interface/Implementation constitution,"File size 1384 bytes, SHA256 40ea1c2d678e..."
FILE,DOCS/ZyGOV/CONSTITUTION/CMP-001.md,CMP-001.md,N/A,CMP-001 — Constitutional Master Plan,N/A,"** Draft for Ratification **Classification:** Constitutional Governance Document **Authority:** AI Constitutional Council **Depends On:** Founding Principles, NORTH-STAR, ZRM v1.1, Constitutional State of the Union v1.1","** Constitutional Governance Document **Authority:** AI Constitutional Council **Depends On:** Founding Principles, NORTH-STAR, ZRM v1.1, Constitutional State of the Union v1.1","** AI Constitutional Council **Depends On:** Founding Principles, NORTH-STAR, ZRM v1.1, Constitutional State of the Union v1.1",N/A,Zyppi,GOVERNANCE,"** Founding Principles, NORTH-STAR, ZRM v1.1, Constitutional State of the Union v1.1",N/A,N/A,GOVERNANCE-GENERAL,DOCS/GOVERNANCE/CMP-001.md,MOVE_TO_TARGET,N/A,MEDIUM,S01,ZyGOV general governance file,"File size 9445 bytes, SHA256 937b2b37298e..."
FILE,DOCS/ZyGOV/REPORTS/ZYPPI-ADVISOR-MARKET-CONTEXT-v1.0.md,ZYPPI-ADVISOR-MARKET-CONTEXT-v1.0.md,N/A,ZYPPI ADVISOR MARKET CONTEXT,N/A,N/A,** Advisory Context — Non-Normative,N/A,N/A,Zyppi,EVIDENCE,N/A,N/A,N/A,REPORTS-EXPLORATORY,DOCS/REPORTS/ZYPPI-ADVISOR-MARKET-CONTEXT-v1.0.md,MOVE_TO_TARGET,N/A,LOW,S14,Executive/State-of-Union report,"File size 32844 bytes, SHA256 1e40d7afdc8f..."
FILE,DOCS/ZyGOV/REPORTS/ZYPPI_CONSTITUTIONAL_STATE_OF_THE_UNION_v1.1.md,ZYPPI_CONSTITUTIONAL_STATE_OF_THE_UNION_v1.1.md,N/A,ZYPPI CONSTITUTIONAL STATE OF THE UNION (v1.1),N/A,** Canonical Baseline,N/A,N/A,N/A,Zyppi,EVIDENCE,N/A,N/A,N/A,REPORTS-EXPLORATORY,DOCS/REPORTS/ZYPPI_CONSTITUTIONAL_STATE_OF_THE_UNION_v1.1.md,MOVE_TO_TARGET,N/A,LOW,S14,Executive/State-of-Union report,"File size 15223 bytes, SHA256 84b3da0acd03..."
FILE,DOCS/ZyGOV/REPORTS/ZyPub-Zync-Exploratory-Proposal.md,ZyPub-Zync-Exploratory-Proposal.md,N/A,ZyPub & Zync --- Connected and Disconnected Constitutional Communication,N/A,** Exploratory Proposal / Discussion Draft\,N/A,"** None. This document is not ratified, normative, or an",N/A,Zyppi,EXPLORATORY,N/A,N/A,N/A,REPORTS-EXPLORATORY,DOCS/REPORTS/ZyPub-Zync-Exploratory-Proposal.md,MOVE_TO_TARGET,N/A,LOW,S14,Exploratory proposal report,"File size 37645 bytes, SHA256 386b80044ef6..."
FILE,DOCS/ZyGOV/REPORTS/Zyppi-API-SDK-Blueprint.md,Zyppi-API-SDK-Blueprint.md,N/A,Zyppi API & SDK Blueprint,N/A,** Strategic Draft,N/A,N/A,N/A,Zyppi,EVIDENCE,N/A,N/A,N/A,REPORTS-EXPLORATORY,DOCS/REPORTS/Zyppi-API-SDK-Blueprint.md,MOVE_TO_TARGET,N/A,LOW,S14,Executive/State-of-Union report,"File size 17104 bytes, SHA256 e1cd0888e8d0..."
FILE,DOCS/ZyGOV/REPORTS/Zyppi-Economic-Architecture-overview.md,Zyppi-Economic-Architecture-overview.md,N/A,Zyppi: The Constitutional Economic Architecture,1.0,N/A,Strategic Overview,N/A,N/A,Zyppi,EVIDENCE,N/A,N/A,N/A,REPORTS-EXPLORATORY,DOCS/REPORTS/Zyppi-Economic-Architecture-overview.md,MOVE_TO_TARGET,N/A,LOW,S14,Executive/State-of-Union report,"File size 17491 bytes, SHA256 4b35ccc696b6..."
FILE,DOCS/ZyGOV/REPORTS/Zyppi-SAP-PDR-v0.1.md,Zyppi-SAP-PDR-v0.1.md,N/A,Zyppi Commerce Workspace,N/A,** Draft **Product:** Zyppi Commerce Workspace — GS1 Edition **Primary Environment:** SAP **Initial Domain:** GS1 Digital Identity / 2D Barcode Readiness **Target Milestone:** GS1 Sunrise 2027 **Document Purpose:** Define the optimum customer-facing product before technical/platform mapping.,N/A,N/A,N/A,Zyppi,EVIDENCE,N/A,N/A,N/A,REPORTS-EXPLORATORY,DOCS/REPORTS/Zyppi-SAP-PDR-v0.1.md,MOVE_TO_TARGET,N/A,LOW,S14,Executive/State-of-Union report,"File size 26316 bytes, SHA256 7d0af6ac9162..."
FILE,DOCS/ZyGOV/REPORTS/zTOUCH-zQR-Exploratory-Proposal-v0.1.md,zTOUCH-zQR-Exploratory-Proposal-v0.1.md,N/A,Project zTOUCH and zQR,N/A,** Exploratory Proposal --- Non-Ratified\,** Concept / Product Architecture Exploration\,N/A,** zTOUCH\,Zyppi,EXPLORATORY,N/A,N/A,N/A,REPORTS-EXPLORATORY,DOCS/REPORTS/zTOUCH-zQR-Exploratory-Proposal-v0.1.md,MOVE_TO_TARGET,N/A,LOW,S14,Exploratory proposal report,"File size 44606 bytes, SHA256 7f054c086042..."
REFERENCED_MISSING,[REFERENCED-MISSING],[REFERENCED-MISSING],ZQE-DEC-001,ZQE Decision Record 001,N/A,REFERENCED_BUT_UNMATERIALIZED,REFERENCED-MISSING,Decision Record,ZQE,N/A,REFERENCED-MISSING,N/A,N/A,N/A,REFERENCED-MISSING,[REFERENCED-MISSING],RECONSTRUCT_OR_RECORD_GAP,N/A,HIGH,S10,Referenced explicitly by DOCS/ZII/ZQE/engineering/ZQE-QR-Engineering-Manual.md but absent from repository filesystem,Missing document artifact referenced in DOCS/ZII/ZQE/engineering/ZQE-QR-Engineering-Manual.md
REFERENCED_MISSING,[REFERENCED-MISSING],[REFERENCED-MISSING],ZQE-DEC-002,ZQE Decision Record 002,N/A,REFERENCED_BUT_UNMATERIALIZED,REFERENCED-MISSING,Decision Record,ZQE,N/A,REFERENCED-MISSING,N/A,N/A,N/A,REFERENCED-MISSING,[REFERENCED-MISSING],RECONSTRUCT_OR_RECORD_GAP,N/A,HIGH,S10,Referenced explicitly by DOCS/ZII/ZQE/engineering/ZQE-QR-Engineering-Manual.md but absent from repository filesystem,Missing document artifact referenced in DOCS/ZII/ZQE/engineering/ZQE-QR-Engineering-Manual.md
REFERENCED_MISSING,[REFERENCED-MISSING],[REFERENCED-MISSING],ZQE-DEC-003,ZQE Decision Record 003,N/A,REFERENCED_BUT_UNMATERIALIZED,REFERENCED-MISSING,Decision Record,ZQE,N/A,REFERENCED-MISSING,N/A,N/A,N/A,REFERENCED-MISSING,[REFERENCED-MISSING],RECONSTRUCT_OR_RECORD_GAP,N/A,HIGH,S10,Referenced explicitly by DOCS/ZII/ZQE/engineering/ZQE-QR-Engineering-Manual.md but absent from repository filesystem,Missing document artifact referenced in DOCS/ZII/ZQE/engineering/ZQE-QR-Engineering-Manual.md
REFERENCED_MISSING,[REFERENCED-MISSING],[REFERENCED-MISSING],ZQE-DEC-004,ZQE Decision Record 004,N/A,REFERENCED_BUT_UNMATERIALIZED,REFERENCED-MISSING,Decision Record,ZQE,N/A,REFERENCED-MISSING,N/A,N/A,N/A,REFERENCED-MISSING,[REFERENCED-MISSING],RECONSTRUCT_OR_RECORD_GAP,N/A,HIGH,S10,Referenced explicitly by DOCS/ZII/ZQE/engineering/ZQE-QR-Engineering-Manual.md but absent from repository filesystem,Missing document artifact referenced in DOCS/ZII/ZQE/engineering/ZQE-QR-Engineering-Manual.md
REFERENCED_MISSING,[REFERENCED-MISSING],[REFERENCED-MISSING],ZQE-DEC-005,ZQE Decision Record 005,N/A,REFERENCED_BUT_UNMATERIALIZED,REFERENCED-MISSING,Decision Record,ZQE,N/A,REFERENCED-MISSING,N/A,N/A,N/A,REFERENCED-MISSING,[REFERENCED-MISSING],RECONSTRUCT_OR_RECORD_GAP,N/A,HIGH,S10,Referenced explicitly by DOCS/ZII/ZQE/engineering/ZQE-QR-Engineering-Manual.md but absent from repository filesystem,Missing document artifact referenced in DOCS/ZII/ZQE/engineering/ZQE-QR-Engineering-Manual.md
REFERENCED_MISSING,[REFERENCED-MISSING],[REFERENCED-MISSING],ZQE-DEC-006,ZQE Decision Record 006,N/A,REFERENCED_BUT_UNMATERIALIZED,REFERENCED-MISSING,Decision Record,ZQE,N/A,REFERENCED-MISSING,N/A,N/A,N/A,REFERENCED-MISSING,[REFERENCED-MISSING],RECONSTRUCT_OR_RECORD_GAP,N/A,HIGH,S10,Referenced explicitly by DOCS/ZII/ZQE/engineering/ZQE-QR-Engineering-Manual.md but absent from repository filesystem,Missing document artifact referenced in DOCS/ZII/ZQE/engineering/ZQE-QR-Engineering-Manual.md
REFERENCED_MISSING,[REFERENCED-MISSING],[REFERENCED-MISSING],ZQE-DEC-007,ZQE Decision Record 007,N/A,REFERENCED_BUT_UNMATERIALIZED,REFERENCED-MISSING,Decision Record,ZQE,N/A,REFERENCED-MISSING,N/A,N/A,N/A,REFERENCED-MISSING,[REFERENCED-MISSING],RECONSTRUCT_OR_RECORD_GAP,N/A,HIGH,S10,Referenced explicitly by DOCS/ZII/ZQE/engineering/ZQE-QR-Engineering-Manual.md but absent from repository filesystem,Missing document artifact referenced in DOCS/ZII/ZQE/engineering/ZQE-QR-Engineering-Manual.md
REFERENCED_MISSING,[REFERENCED-MISSING],[REFERENCED-MISSING],ZQE-DEC-008,ZQE Decision Record 008,N/A,REFERENCED_BUT_UNMATERIALIZED,REFERENCED-MISSING,Decision Record,ZQE,N/A,REFERENCED-MISSING,N/A,N/A,N/A,REFERENCED-MISSING,[REFERENCED-MISSING],RECONSTRUCT_OR_RECORD_GAP,N/A,HIGH,S10,Referenced explicitly by DOCS/ZII/ZQE/engineering/ZQE-QR-Engineering-Manual.md but absent from repository filesystem,Missing document artifact referenced in DOCS/ZII/ZQE/engineering/ZQE-QR-Engineering-Manual.md
REFERENCED_MISSING,[REFERENCED-MISSING],[REFERENCED-MISSING],ZQE-DEC-009,ZQE Decision Record 009,N/A,REFERENCED_BUT_UNMATERIALIZED,REFERENCED-MISSING,Decision Record,ZQE,N/A,REFERENCED-MISSING,N/A,N/A,N/A,REFERENCED-MISSING,[REFERENCED-MISSING],RECONSTRUCT_OR_RECORD_GAP,N/A,HIGH,S10,Referenced explicitly by DOCS/ZII/ZQE/engineering/ZQE-QR-Engineering-Manual.md but absent from repository filesystem,Missing document artifact referenced in DOCS/ZII/ZQE/engineering/ZQE-QR-Engineering-Manual.md
REFERENCED_MISSING,[REFERENCED-MISSING],[REFERENCED-MISSING],ZQE-DEC-010,ZQE Decision Record 010,N/A,REFERENCED_BUT_UNMATERIALIZED,REFERENCED-MISSING,Decision Record,ZQE,N/A,REFERENCED-MISSING,N/A,N/A,N/A,REFERENCED-MISSING,[REFERENCED-MISSING],RECONSTRUCT_OR_RECORD_GAP,N/A,HIGH,S10,Referenced explicitly by DOCS/ZII/ZQE/engineering/ZQE-QR-Engineering-Manual.md but absent from repository filesystem,Missing document artifact referenced in DOCS/ZII/ZQE/engineering/ZQE-QR-Engineering-Manual.md
REFERENCED_MISSING,[REFERENCED-MISSING],[REFERENCED-MISSING],ZQE-000,ZQE Engine Overview & Architecture Index,N/A,REFERENCED_BUT_UNMATERIALIZED,REFERENCED-MISSING,Overview Specification,ZQE,N/A,REFERENCED-MISSING,N/A,N/A,N/A,REFERENCED-MISSING,[REFERENCED-MISSING],RECONSTRUCT_OR_RECORD_GAP,N/A,HIGH,S10,Referenced explicitly by DOCS/ZII/ZII-000-Navigation-Authority-Document-Anatomy-Index.md but absent from repository filesystem,Missing document artifact referenced in DOCS/ZII/ZII-000-Navigation-Authority-Document-Anatomy-Index.md
REFERENCED_MISSING,[REFERENCED-MISSING],[REFERENCED-MISSING],ZQE-002,ZQE Engine Specification Part 2,N/A,REFERENCED_BUT_UNMATERIALIZED,REFERENCED-MISSING,Engine Specification,ZQE,N/A,REFERENCED-MISSING,N/A,N/A,N/A,REFERENCED-MISSING,[REFERENCED-MISSING],RECONSTRUCT_OR_RECORD_GAP,N/A,HIGH,S10,Referenced explicitly by DOCS/ZII/ZII-000-Navigation-Authority-Document-Anatomy-Index.md but absent from repository filesystem,Missing document artifact referenced in DOCS/ZII/ZII-000-Navigation-Authority-Document-Anatomy-Index.md
REFERENCED_MISSING,[REFERENCED-MISSING],[REFERENCED-MISSING],ZQE-003,ZQE Engine Specification Part 3,N/A,REFERENCED_BUT_UNMATERIALIZED,REFERENCED-MISSING,Engine Specification,ZQE,N/A,REFERENCED-MISSING,N/A,N/A,N/A,REFERENCED-MISSING,[REFERENCED-MISSING],RECONSTRUCT_OR_RECORD_GAP,N/A,HIGH,S10,Referenced explicitly by DOCS/ZII/ZII-000-Navigation-Authority-Document-Anatomy-Index.md but absent from repository filesystem,Missing document artifact referenced in DOCS/ZII/ZII-000-Navigation-Authority-Document-Anatomy-Index.md
REFERENCED_MISSING,[REFERENCED-MISSING],[REFERENCED-MISSING],ZQE-004,ZQE Engine Specification Part 4,N/A,REFERENCED_BUT_UNMATERIALIZED,REFERENCED-MISSING,Engine Specification,ZQE,N/A,REFERENCED-MISSING,N/A,N/A,N/A,REFERENCED-MISSING,[REFERENCED-MISSING],RECONSTRUCT_OR_RECORD_GAP,N/A,HIGH,S10,Referenced explicitly by DOCS/ZII/ZII-000-Navigation-Authority-Document-Anatomy-Index.md but absent from repository filesystem,Missing document artifact referenced in DOCS/ZII/ZII-000-Navigation-Authority-Document-Anatomy-Index.md
REFERENCED_MISSING,[REFERENCED-MISSING],[REFERENCED-MISSING],ZQE-005,ZQE Engine Specification Part 5,N/A,REFERENCED_BUT_UNMATERIALIZED,REFERENCED-MISSING,Engine Specification,ZQE,N/A,REFERENCED-MISSING,N/A,N/A,N/A,REFERENCED-MISSING,[REFERENCED-MISSING],RECONSTRUCT_OR_RECORD_GAP,N/A,HIGH,S10,Referenced explicitly by DOCS/ZII/ZII-000-Navigation-Authority-Document-Anatomy-Index.md but absent from repository filesystem,Missing document artifact referenced in DOCS/ZII/ZII-000-Navigation-Authority-Document-Anatomy-Index.md
REFERENCED_MISSING,[REFERENCED-MISSING],[REFERENCED-MISSING],ZQE-006,ZQE Engine Specification Part 6,N/A,REFERENCED_BUT_UNMATERIALIZED,REFERENCED-MISSING,Engine Specification,ZQE,N/A,REFERENCED-MISSING,N/A,N/A,N/A,REFERENCED-MISSING,[REFERENCED-MISSING],RECONSTRUCT_OR_RECORD_GAP,N/A,HIGH,S10,Referenced explicitly by DOCS/ZII/ZII-000-Navigation-Authority-Document-Anatomy-Index.md but absent from repository filesystem,Missing document artifact referenced in DOCS/ZII/ZII-000-Navigation-Authority-Document-Anatomy-Index.md
REFERENCED_MISSING,[REFERENCED-MISSING],[REFERENCED-MISSING],ZRM-002A,ZRM Identity Construct Part A,N/A,REFERENCED_BUT_UNMATERIALIZED,REFERENCED-MISSING,Constitutional Sub-spec,ZRM,N/A,REFERENCED-MISSING,N/A,N/A,N/A,REFERENCED-MISSING,[REFERENCED-MISSING],RECONSTRUCT_OR_RECORD_GAP,N/A,HIGH,S02,Referenced explicitly by DOCS/ZyGOV/CONSTITUTION/02-REALITY-CONSTITUTION/ZRM/ZRM-002-v1.0.md but absent from repository filesystem,Missing document artifact referenced in DOCS/ZyGOV/CONSTITUTION/02-REALITY-CONSTITUTION/ZRM/ZRM-002-v1.0.md
REFERENCED_MISSING,[REFERENCED-MISSING],[REFERENCED-MISSING],ZRM-002B,ZRM Identity Construct Part B,N/A,REFERENCED_BUT_UNMATERIALIZED,REFERENCED-MISSING,Constitutional Sub-spec,ZRM,N/A,REFERENCED-MISSING,N/A,N/A,N/A,REFERENCED-MISSING,[REFERENCED-MISSING],RECONSTRUCT_OR_RECORD_GAP,N/A,HIGH,S02,Referenced explicitly by DOCS/ZyGOV/CONSTITUTION/02-REALITY-CONSTITUTION/ZRM/ZRM-002-v1.0.md but absent from repository filesystem,Missing document artifact referenced in DOCS/ZyGOV/CONSTITUTION/02-REALITY-CONSTITUTION/ZRM/ZRM-002-v1.0.md
REFERENCED_MISSING,[REFERENCED-MISSING],[REFERENCED-MISSING],ZRM-002C,ZRM Identity Construct Part C,N/A,REFERENCED_BUT_UNMATERIALIZED,REFERENCED-MISSING,Constitutional Sub-spec,ZRM,N/A,REFERENCED-MISSING,N/A,N/A,N/A,REFERENCED-MISSING,[REFERENCED-MISSING],RECONSTRUCT_OR_RECORD_GAP,N/A,HIGH,S02,Referenced explicitly by DOCS/ZyGOV/CONSTITUTION/02-REALITY-CONSTITUTION/ZRM/ZRM-002-v1.0.md but absent from repository filesystem,Missing document artifact referenced in DOCS/ZyGOV/CONSTITUTION/02-REALITY-CONSTITUTION/ZRM/ZRM-002-v1.0.md
REFERENCED_MISSING,[REFERENCED-MISSING],[REFERENCED-MISSING],ZRM-008,ZRM Temporal & Dynamic Reality Model,N/A,REFERENCED_BUT_UNMATERIALIZED,REFERENCED-MISSING,Constitutional Sub-spec,ZRM,N/A,REFERENCED-MISSING,N/A,N/A,N/A,REFERENCED-MISSING,[REFERENCED-MISSING],RECONSTRUCT_OR_RECORD_GAP,N/A,HIGH,S02,Referenced explicitly by DOCS/ZyGOV/CONSTITUTION/02-REALITY-CONSTITUTION/ZRM/ZRM-007.md but absent from repository filesystem,Missing document artifact referenced in DOCS/ZyGOV/CONSTITUTION/02-REALITY-CONSTITUTION/ZRM/ZRM-007.md
REFERENCED_MISSING,[REFERENCED-MISSING],[REFERENCED-MISSING],ZT-002,Zyppi Translation Framework Part 2,N/A,REFERENCED_BUT_UNMATERIALIZED,REFERENCED-MISSING,Interface Specification,ZT,N/A,REFERENCED-MISSING,N/A,N/A,N/A,REFERENCED-MISSING,[REFERENCED-MISSING],RECONSTRUCT_OR_RECORD_GAP,N/A,HIGH,S09,Referenced explicitly by DOCS/ZyGOV/CONSTITUTION/03-CONSTITUTIONAL-FAMILIES/10-ARM/ARM-001.md but absent from repository filesystem,Missing document artifact referenced in DOCS/ZyGOV/CONSTITUTION/03-CONSTITUTIONAL-FAMILIES/10-ARM/ARM-001.md
REFERENCED_MISSING,[REFERENCED-MISSING],[REFERENCED-MISSING],ZT-003,Zyppi Translation Framework Part 3,N/A,REFERENCED_BUT_UNMATERIALIZED,REFERENCED-MISSING,Interface Specification,ZT,N/A,REFERENCED-MISSING,N/A,N/A,N/A,REFERENCED-MISSING,[REFERENCED-MISSING],RECONSTRUCT_OR_RECORD_GAP,N/A,HIGH,S09,Referenced explicitly by DOCS/ZyGOV/CONSTITUTION/03-CONSTITUTIONAL-FAMILIES/10-ARM/ARM-001.md but absent from repository filesystem,Missing document artifact referenced in DOCS/ZyGOV/CONSTITUTION/03-CONSTITUTIONAL-FAMILIES/10-ARM/ARM-001.md
REFERENCED_MISSING,[REFERENCED-MISSING],[REFERENCED-MISSING],ZT-004,Zyppi Translation Framework Part 4,N/A,REFERENCED_BUT_UNMATERIALIZED,REFERENCED-MISSING,Interface Specification,ZT,N/A,REFERENCED-MISSING,N/A,N/A,N/A,REFERENCED-MISSING,[REFERENCED-MISSING],RECONSTRUCT_OR_RECORD_GAP,N/A,HIGH,S09,Referenced explicitly by DOCS/ZyGOV/CONSTITUTION/03-CONSTITUTIONAL-FAMILIES/10-ARM/ARM-001.md but absent from repository filesystem,Missing document artifact referenced in DOCS/ZyGOV/CONSTITUTION/03-CONSTITUTIONAL-FAMILIES/10-ARM/ARM-001.md
REFERENCED_MISSING,[REFERENCED-MISSING],[REFERENCED-MISSING],ZYPPI-GS1-MARKET-ENTRY-STRATEGY,Zyppi GS1 Market Entry Strategy,N/A,REFERENCED_BUT_UNMATERIALIZED,REFERENCED-MISSING,Secondary Strategy,MARKETING,N/A,REFERENCED-MISSING,N/A,N/A,N/A,REFERENCED-MISSING,[REFERENCED-MISSING],RECONSTRUCT_OR_RECORD_GAP,N/A,HIGH,S07,Referenced explicitly by DOCS/ZyGOV/CONSTITUTION/04-SECONDARY-CONSTITUTIONAL-CONSTRUCTS/MARKETING/Marketing-PLAN-1Y-001.md but absent from repository filesystem,Missing document artifact referenced in DOCS/ZyGOV/CONSTITUTION/04-SECONDARY-CONSTITUTIONAL-CONSTRUCTS/MARKETING/Marketing-PLAN-1Y-001.md
